"date","annee","mois","pluie_mm","pluie_normale","pluie_anomalie_pct","pluie_classe","temp_moy","temp_normale","temp_anomalie","temp_classe","fwi","fwi_normale","fwi_classe"
"1980-01-01",1980,1,NA,459.528984453325,47.8454700465538,"Humide",NA,22.0233192453027,-0.765512730360481,"Normal",0.292666005139618,1.136337321265,"Tres faible"
"1980-02-01",1980,2,NA,388.481766569924,-52.67069165921,"Extreme sec",NA,21.8472806209508,-0.185664078978,"Normal",1.43553978447995,0.634147965943502,"Tres faible"
"1980-03-01",1980,3,NA,322.893713838512,-27.639663681628,"Sec",NA,21.3834071511572,0.00698580128830528,"Normal",0.364477466172708,0.636588145535211,"Tres faible"
"1980-04-01",1980,4,NA,164.343176644136,-36.5761629514586,"Sec",NA,20.1494774844684,0.283664540019146,"Normal",0.652691879682243,0.94014131627308,"Tres faible"
"1980-05-01",1980,5,NA,123.790438700058,-14.1675608994602,"Normal",NA,18.3588848769305,-0.349104937575838,"Normal",0.599966963677997,1.0731514475664,"Tres faible"
"1980-06-01",1980,6,NA,84.4866967139282,6.83948498787019,"Normal",NA,16.3500585975048,-0.212128865582663,"Normal",1.02607860825956,1.58493931374644,"Tres faible"
"1980-07-01",1980,7,NA,93.7512350078493,84.2494150284849,"Extreme humide",NA,15.3712454704889,-0.63897059341661,"Normal",0.146726696941656,1.46275574030621,"Tres faible"
"1980-08-01",1980,8,NA,70.9859100871133,91.414434367724,"Extreme humide",NA,16.0247721927367,-0.903685811481846,"Normal",0.781080364595137,2.62011459838087,"Tres faible"
"1980-09-01",1980,9,NA,69.6455636072673,-10.5954901912669,"Normal",NA,17.4564751437879,-0.606735309467709,"Normal",3.3944239532575,4.41584641946849,"Tres faible"
"1980-10-01",1980,10,NA,114.269479732188,59.7247630740631,"Extreme humide",NA,19.4510053177914,-0.275315109932343,"Normal",2.91746247988082,5.66590789705915,"Tres faible"
"1980-11-01",1980,11,NA,174.71923423342,-1.00429052069575,"Normal",NA,20.9418165645581,0.0572003718835141,"Normal",4.64998704586178,4.60084611981692,"Tres faible"
"1980-12-01",1980,12,NA,302.66197918051,-8.89070077528305,"Normal",NA,21.8830586987533,-0.290059501570767,"Normal",1.05241016532865,2.59067624595511,"Tres faible"
"1981-01-01",1981,1,NA,459.528984453325,-66.3694707549147,"Extreme sec",NA,22.0233192453027,0.532081891469314,"Normal",2.50911334277161,1.136337321265,"Tres faible"
"1981-02-01",1981,2,NA,388.481766569924,-4.2124236881238,"Normal",NA,21.8472806209508,0.293024323874924,"Normal",0.995781210538033,0.634147965943502,"Tres faible"
"1981-03-01",1981,3,NA,322.893713838512,53.9717847941723,"Extreme humide",NA,21.3834071511572,-0.267769085498621,"Normal",0.0800477048941511,0.636588145535211,"Tres faible"
"1981-04-01",1981,4,NA,164.343176644136,-25.8458973678844,"Sec",NA,20.1494774844684,-0.535257285717964,"Normal",0.335242392340054,0.94014131627308,"Tres faible"
"1981-05-01",1981,5,NA,123.790438700058,15.1717526215553,"Normal",NA,18.3588848769305,-0.953048630258213,"Normal",0.324223167686385,1.0731514475664,"Tres faible"
"1981-06-01",1981,6,NA,84.4866967139282,-22.3287876009314,"Normal",NA,16.3500585975048,-0.0892972514576016,"Normal",1.03539444158475,1.58493931374644,"Tres faible"
"1981-07-01",1981,7,NA,93.7512350078493,-37.4701947652747,"Sec",NA,15.3712454704889,-0.328413136289756,"Normal",1.46760056564404,1.46275574030621,"Tres faible"
"1981-08-01",1981,8,NA,70.9859100871133,80.6951032175567,"Extreme humide",NA,16.0247721927367,0.0467065255378429,"Normal",0.826351679929142,2.62011459838087,"Tres faible"
"1981-09-01",1981,9,NA,69.6455636072673,54.6749150412294,"Extreme humide",NA,17.4564751437879,-0.316079911899546,"Normal",2.53884279620446,4.41584641946849,"Tres faible"
"1981-10-01",1981,10,NA,114.269479732188,155.679656171348,"Extreme humide",NA,19.4510053177914,-0.9830742800591,"Normal",0.544111354145101,5.66590789705915,"Tres faible"
"1981-11-01",1981,11,NA,174.71923423342,-5.13509132778519,"Normal",NA,20.9418165645581,0.199557619947907,"Normal",2.62321479618549,4.60084611981692,"Tres faible"
"1981-12-01",1981,12,NA,302.66197918051,2.1143697672457,"Normal",NA,21.8830586987533,-0.353404811462482,"Normal",0.96684256206537,2.59067624595511,"Tres faible"
"1982-01-01",1982,1,NA,459.528984453325,52.755092773397,"Extreme humide",NA,22.0233192453027,-0.607803945448417,"Normal",0.124934560303847,1.136337321265,"Tres faible"
"1982-02-01",1982,2,NA,388.481766569924,5.11947114605468,"Normal",NA,21.8472806209508,0.016002597235488,"Normal",0.565696242235325,0.634147965943502,"Tres faible"
"1982-03-01",1982,3,NA,322.893713838512,15.3108420784428,"Normal",NA,21.3834071511572,-0.147460782298111,"Normal",0.311533922771927,0.636588145535211,"Tres faible"
"1982-04-01",1982,4,NA,164.343176644136,-12.1243808593009,"Normal",NA,20.1494774844684,-0.253783953501106,"Normal",0.537228479692324,0.94014131627308,"Tres faible"
"1982-05-01",1982,5,NA,123.790438700058,-5.5586965704016,"Normal",NA,18.3588848769305,-0.550006502919079,"Normal",0.503841289610136,1.0731514475664,"Tres faible"
"1982-06-01",1982,6,NA,84.4866967139282,13.7701816601063,"Normal",NA,16.3500585975048,0.289108010923101,"Normal",0.306800899390752,1.58493931374644,"Tres faible"
"1982-07-01",1982,7,NA,93.7512350078493,21.9591902251014,"Normal",NA,15.3712454704889,0.301183787048348,"Normal",0.456248337122229,1.46275574030621,"Tres faible"
"1982-08-01",1982,8,NA,70.9859100871133,29.3806469133898,"Humide",NA,16.0247721927367,-0.135120890478092,"Normal",1.29728968652536,2.62011459838087,"Tres faible"
"1982-09-01",1982,9,NA,69.6455636072673,173.696270317606,"Extreme humide",NA,17.4564751437879,-0.650197357924814,"Normal",1.35910228199403,4.41584641946849,"Tres faible"
"1982-10-01",1982,10,NA,114.269479732188,108.61583443573,"Extreme humide",NA,19.4510053177914,-1.34589658511243,"Froid",0.321767420598095,5.66590789705915,"Tres faible"
"1982-11-01",1982,11,NA,174.71923423342,35.4293641567149,"Humide",NA,20.9418165645581,-0.813359420170435,"Normal",0.421248417270059,4.60084611981692,"Tres faible"
"1982-12-01",1982,12,NA,302.66197918051,-39.5139458736043,"Sec",NA,21.8830586987533,-0.940475445335103,"Normal",0.615466326234802,2.59067624595511,"Tres faible"
"1983-01-01",1983,1,NA,459.528984453325,-49.4540342113198,"Sec",NA,22.0233192453027,-0.673830009143177,"Normal",1.34136685255855,1.136337321265,"Tres faible"
"1983-02-01",1983,2,NA,388.481766569924,-34.4737178487366,"Sec",NA,21.8472806209508,0.631069840547866,"Normal",0.361369092083935,0.634147965943502,"Tres faible"
"1983-03-01",1983,3,NA,322.893713838512,-30.867948155487,"Sec",NA,21.3834071511572,0.417095106433713,"Normal",0.464553109965803,0.636588145535211,"Tres faible"
"1983-04-01",1983,4,NA,164.343176644136,-17.4595093857131,"Normal",NA,20.1494774844684,2.8393229435153e-05,"Normal",0.508107691382368,0.94014131627308,"Tres faible"
"1983-05-01",1983,5,NA,123.790438700058,-19.5420373766282,"Normal",NA,18.3588848769305,0.476702361260614,"Normal",1.25699350467673,1.0731514475664,"Tres faible"
"1983-06-01",1983,6,NA,84.4866967139282,27.9233516058275,"Humide",NA,16.3500585975048,0.267177209237403,"Normal",1.35818911340709,1.58493931374644,"Tres faible"
"1983-07-01",1983,7,NA,93.7512350078493,-11.0409759614824,"Normal",NA,15.3712454704889,0.363104973881915,"Normal",1.32919330128859,1.46275574030621,"Tres faible"
"1983-08-01",1983,8,NA,70.9859100871133,7.79601689947562,"Normal",NA,16.0247721927367,-0.223840134177902,"Normal",2.07386300857029,2.62011459838087,"Tres faible"
"1983-09-01",1983,9,NA,69.6455636072673,-14.2832895840418,"Normal",NA,17.4564751437879,-0.46356517718155,"Normal",3.278549073264,4.41584641946849,"Tres faible"
"1983-10-01",1983,10,NA,114.269479732188,-0.123008831100364,"Normal",NA,19.4510053177914,-0.447225293124642,"Normal",3.01092032703661,5.66590789705915,"Tres faible"
"1983-11-01",1983,11,NA,174.71923423342,4.81507587320514,"Normal",NA,20.9418165645581,0.185339955363585,"Normal",3.59422435574234,4.60084611981692,"Tres faible"
"1983-12-01",1983,12,NA,302.66197918051,89.9881869617966,"Extreme humide",NA,21.8830586987533,-0.806666703250013,"Normal",0.165251526821152,2.59067624595511,"Tres faible"
"1984-01-01",1984,1,NA,459.528984453325,4.16305576413425,"Normal",NA,22.0233192453027,-0.1525651235509,"Normal",0.400801750132814,1.136337321265,"Tres faible"
"1984-02-01",1984,2,NA,388.481766569924,6.05857122516994,"Normal",NA,21.8472806209508,-0.0233735330374785,"Normal",0.391338650800176,0.634147965943502,"Tres faible"
"1984-03-01",1984,3,NA,322.893713838512,-6.51052413423298,"Normal",NA,21.3834071511572,-0.858221783561149,"Normal",0.115497879124177,0.636588145535211,"Tres faible"
"1984-04-01",1984,4,NA,164.343176644136,47.7849390296385,"Humide",NA,20.1494774844684,-0.779515506593437,"Normal",0.147098855200844,0.94014131627308,"Tres faible"
"1984-05-01",1984,5,NA,123.790438700058,17.1216276053016,"Normal",NA,18.3588848769305,-0.655665567515634,"Normal",0.904118638737277,1.0731514475664,"Tres faible"
"1984-06-01",1984,6,NA,84.4866967139282,-1.02641230986429,"Normal",NA,16.3500585975048,-0.405567872011682,"Normal",0.313667715503834,1.58493931374644,"Tres faible"
"1984-07-01",1984,7,NA,93.7512350078493,-23.9710375164965,"Normal",NA,15.3712454704889,-0.378875231343892,"Normal",1.33991095054174,1.46275574030621,"Tres faible"
"1984-08-01",1984,8,NA,70.9859100871133,46.115203370325,"Humide",NA,16.0247721927367,-0.862710683052905,"Normal",1.80917417239999,2.62011459838087,"Tres faible"
"1984-09-01",1984,9,NA,69.6455636072673,46.9878726525882,"Humide",NA,17.4564751437879,-0.415432798388785,"Normal",2.86989322317143,4.41584641946849,"Tres faible"
"1984-10-01",1984,10,NA,114.269479732188,55.2654572923957,"Extreme humide",NA,19.4510053177914,-0.811287294783956,"Normal",1.37179638654707,5.66590789705915,"Tres faible"
"1984-11-01",1984,11,NA,174.71923423342,70.5728857416473,"Extreme humide",NA,20.9418165645581,-0.83047221945986,"Normal",1.38985248708838,4.60084611981692,"Tres faible"
"1984-12-01",1984,12,NA,302.66197918051,-27.5469981269643,"Sec",NA,21.8830586987533,-0.502121190281652,"Normal",1.43505823628737,2.59067624595511,"Tres faible"
"1985-01-01",1985,1,NA,459.528984453325,-51.9182325282561,"Extreme sec",NA,22.0233192453027,-0.142702313709588,"Normal",2.37063749581425,1.136337321265,"Tres faible"
"1985-02-01",1985,2,NA,388.481766569924,33.7863222086709,"Humide",NA,21.8472806209508,-0.588421084548997,"Normal",0.462845585367939,0.634147965943502,"Tres faible"
"1985-03-01",1985,3,NA,322.893713838512,-8.53315114291416,"Normal",NA,21.3834071511572,-0.505986004922214,"Normal",0.159999109168101,0.636588145535211,"Tres faible"
"1985-04-01",1985,4,NA,164.343176644136,41.2263932258043,"Humide",NA,20.1494774844684,-1.01485298202586,"Froid",0.167926650533021,0.94014131627308,"Tres faible"
"1985-05-01",1985,5,NA,123.790438700058,-46.2739002054351,"Sec",NA,18.3588848769305,-0.570696558493683,"Normal",1.14473457442176,1.0731514475664,"Tres faible"
"1985-06-01",1985,6,NA,84.4866967139282,-20.9180835573738,"Normal",NA,16.3500585975048,-0.350886054626789,"Normal",2.03122199450154,1.58493931374644,"Tres faible"
"1985-07-01",1985,7,NA,93.7512350078493,-6.04590236317427,"Normal",NA,15.3712454704889,0.452573591202039,"Normal",1.20354726333772,1.46275574030621,"Tres faible"
"1985-08-01",1985,8,NA,70.9859100871133,110.182702551146,"Extreme humide",NA,16.0247721927367,-0.192600797735134,"Normal",0.794732433263092,2.62011459838087,"Tres faible"
"1985-09-01",1985,9,NA,69.6455636072673,5.93707040816952,"Normal",NA,17.4564751437879,-0.0635541672233515,"Normal",2.59407812841237,4.41584641946849,"Tres faible"
"1985-10-01",1985,10,NA,114.269479732188,57.9169287076217,"Extreme humide",NA,19.4510053177914,-1.37735750194685,"Froid",2.96415337966902,5.66590789705915,"Tres faible"
"1985-11-01",1985,11,NA,174.71923423342,17.0017263737324,"Normal",NA,20.9418165645581,-1.67200732078335,"Froid",1.63825674915764,4.60084611981692,"Tres faible"
"1985-12-01",1985,12,NA,302.66197918051,23.7958958664087,"Normal",NA,21.8830586987533,-1.05910244218966,"Froid",0.756016045365663,2.59067624595511,"Tres faible"
"1986-01-01",1986,1,NA,459.528984453325,-60.5524171174576,"Extreme sec",NA,22.0233192453027,-0.625644160544859,"Normal",0.722114411152659,1.136337321265,"Tres faible"
"1986-02-01",1986,2,NA,388.481766569924,108.769043786654,"Extreme humide",NA,21.8472806209508,-0.430783816943254,"Normal",0.188292213859018,0.634147965943502,"Tres faible"
"1986-03-01",1986,3,NA,322.893713838512,25.1505568849965,"Humide",NA,21.3834071511572,-0.485027379510239,"Normal",0.328588887500847,0.636588145535211,"Tres faible"
"1986-04-01",1986,4,NA,164.343176644136,1.96389929659302,"Normal",NA,20.1494774844684,-0.195129050404542,"Normal",0.365462718837565,0.94014131627308,"Tres faible"
"1986-05-01",1986,5,NA,123.790438700058,-48.4840073200946,"Sec",NA,18.3588848769305,-0.462786098435657,"Normal",1.19820736600987,1.0731514475664,"Tres faible"
"1986-06-01",1986,6,NA,84.4866967139282,-12.2677378238393,"Normal",NA,16.3500585975048,-1.72356827238624,"Froid",1.16598425184687,1.58493931374644,"Tres faible"
"1986-07-01",1986,7,NA,93.7512350078493,-2.3896856208996,"Normal",NA,15.3712454704889,-0.664524129205928,"Normal",0.578512539245909,1.46275574030621,"Tres faible"
"1986-08-01",1986,8,NA,70.9859100871133,-2.85798394844991,"Normal",NA,16.0247721927367,0.025615445362849,"Normal",1.58070852246977,2.62011459838087,"Tres faible"
"1986-09-01",1986,9,NA,69.6455636072673,-11.5074792227597,"Normal",NA,17.4564751437879,-0.791272902129904,"Normal",5.215919179221,4.41584641946849,"Faible"
"1986-10-01",1986,10,NA,114.269479732188,134.311091738513,"Extreme humide",NA,19.4510053177914,-0.765907883807628,"Normal",0.580561742515138,5.66590789705915,"Tres faible"
"1986-11-01",1986,11,NA,174.71923423342,83.4819126204348,"Extreme humide",NA,20.9418165645581,-0.752241014028023,"Normal",0.887843462980042,4.60084611981692,"Tres faible"
"1986-12-01",1986,12,NA,302.66197918051,45.0654148943506,"Humide",NA,21.8830586987533,-0.754241053314662,"Normal",0.280734646851278,2.59067624595511,"Tres faible"
"1987-01-01",1987,1,NA,459.528984453325,16.2554880589038,"Normal",NA,22.0233192453027,-0.28112884043879,"Normal",0.275150907282237,1.136337321265,"Tres faible"
"1987-02-01",1987,2,NA,388.481766569924,-47.4943769346411,"Sec",NA,21.8472806209508,0.150768510336459,"Normal",1.85981429134418,0.634147965943502,"Tres faible"
"1987-03-01",1987,3,NA,322.893713838512,-10.9853945382087,"Normal",NA,21.3834071511572,0.161212567757705,"Normal",1.10791332610402,0.636588145535211,"Tres faible"
"1987-04-01",1987,4,NA,164.343176644136,-9.79203697031327,"Normal",NA,20.1494774844684,0.140627154183147,"Normal",0.990540843371612,0.94014131627308,"Tres faible"
"1987-05-01",1987,5,NA,123.790438700058,-41.4482989772342,"Sec",NA,18.3588848769305,-0.199783843775673,"Normal",1.11202575153701,1.0731514475664,"Tres faible"
"1987-06-01",1987,6,NA,84.4866967139282,-60.6272395565791,"Extreme sec",NA,16.3500585975048,-0.467007810346106,"Normal",3.84654163122177,1.58493931374644,"Tres faible"
"1987-07-01",1987,7,NA,93.7512350078493,16.7279648095831,"Normal",NA,15.3712454704889,1.46212560834832,"Chaud",2.20096196808041,1.46275574030621,"Tres faible"
"1987-08-01",1987,8,NA,70.9859100871133,-11.3161499289459,"Normal",NA,16.0247721927367,0.104365579900811,"Normal",1.73959719750189,2.62011459838087,"Tres faible"
"1987-09-01",1987,9,NA,69.6455636072673,-46.5972320449518,"Sec",NA,17.4564751437879,0.59917860414879,"Normal",8.46099658211072,4.41584641946849,"Faible"
"1987-10-01",1987,10,NA,114.269479732188,39.1971408914099,"Humide",NA,19.4510053177914,-0.595400159123184,"Normal",2.29313486490038,5.66590789705915,"Tres faible"
"1987-11-01",1987,11,NA,174.71923423342,-29.8643516322181,"Sec",NA,20.9418165645581,-0.866618733210224,"Normal",2.65095267184079,4.60084611981692,"Tres faible"
"1987-12-01",1987,12,NA,302.66197918051,-62.0543610448622,"Extreme sec",NA,21.8830586987533,0.924995056984134,"Normal",5.3823983005939,2.59067624595511,"Faible"
"1988-01-01",1988,1,NA,459.528984453325,6.31547638946812,"Normal",NA,22.0233192453027,0.354610607571079,"Normal",0.415648639496912,1.136337321265,"Tres faible"
"1988-02-01",1988,2,NA,388.481766569924,-42.7300751041947,"Sec",NA,21.8472806209508,-0.120210105201924,"Normal",0.360060074270285,0.634147965943502,"Tres faible"
"1988-03-01",1988,3,NA,322.893713838512,-31.8088678953587,"Sec",NA,21.3834071511572,-0.440155490198883,"Normal",0.491814925966244,0.636588145535211,"Tres faible"
"1988-04-01",1988,4,NA,164.343176644136,31.6294277669173,"Humide",NA,20.1494774844684,0.561672025281105,"Normal",0.675035915748837,0.94014131627308,"Tres faible"
"1988-05-01",1988,5,NA,123.790438700058,-33.0889154525805,"Sec",NA,18.3588848769305,-0.757763285252782,"Normal",0.9610129305492,1.0731514475664,"Tres faible"
"1988-06-01",1988,6,NA,84.4866967139282,2.75369296731334,"Normal",NA,16.3500585975048,0.59302422544496,"Normal",1.27907702370236,1.58493931374644,"Tres faible"
"1988-07-01",1988,7,NA,93.7512350078493,-43.6715438392917,"Sec",NA,15.3712454704889,0.592687229327185,"Normal",1.15323644816395,1.46275574030621,"Tres faible"
"1988-08-01",1988,8,NA,70.9859100871133,-23.806603899323,"Normal",NA,16.0247721927367,0.00807144787076908,"Normal",2.40252847152371,2.62011459838087,"Tres faible"
"1988-09-01",1988,9,NA,69.6455636072673,-14.9180975120685,"Normal",NA,17.4564751437879,-0.805686198335003,"Normal",4.64628136431177,4.41584641946849,"Tres faible"
"1988-10-01",1988,10,NA,114.269479732188,15.830533145082,"Normal",NA,19.4510053177914,-0.366654599925337,"Normal",2.9458044081656,5.66590789705915,"Tres faible"
"1988-11-01",1988,11,NA,174.71923423342,6.34205555873283,"Normal",NA,20.9418165645581,-1.21228814192938,"Froid",3.31816503409452,4.60084611981692,"Tres faible"
"1988-12-01",1988,12,NA,302.66197918051,23.8616234969079,"Normal",NA,21.8830586987533,-1.36300502657557,"Froid",0.655795536364519,2.59067624595511,"Tres faible"
"1989-01-01",1989,1,NA,459.528984453325,-20.9110741192186,"Normal",NA,22.0233192453027,-0.0315303406833181,"Normal",0.729665257652561,1.136337321265,"Tres faible"
"1989-02-01",1989,2,NA,388.481766569924,22.6042165949741,"Normal",NA,21.8472806209508,-0.471964395585765,"Normal",0.327296480540619,0.634147965943502,"Tres faible"
"1989-03-01",1989,3,NA,322.893713838512,70.8198494800062,"Extreme humide",NA,21.3834071511572,-0.563178609559284,"Normal",0.207582380914882,0.636588145535211,"Tres faible"
"1989-04-01",1989,4,NA,164.343176644136,-53.519075546147,"Extreme sec",NA,20.1494774844684,-0.551268283910911,"Normal",1.55640302225947,0.94014131627308,"Tres faible"
"1989-05-01",1989,5,NA,123.790438700058,11.0059070887176,"Normal",NA,18.3588848769305,-0.0267146218391154,"Normal",0.604788461632486,1.0731514475664,"Tres faible"
"1989-06-01",1989,6,NA,84.4866967139282,-27.2717940551829,"Sec",NA,16.3500585975048,0.0756114046525411,"Normal",1.74486949667335,1.58493931374644,"Tres faible"
"1989-07-01",1989,7,NA,93.7512350078493,-30.4770050819841,"Sec",NA,15.3712454704889,0.483193721300017,"Normal",2.39094752908474,1.46275574030621,"Tres faible"
"1989-08-01",1989,8,NA,70.9859100871133,-42.5990650091707,"Sec",NA,16.0247721927367,-0.560709449853732,"Normal",2.01698544092717,2.62011459838087,"Tres faible"
"1989-09-01",1989,9,NA,69.6455636072673,93.9201540676306,"Extreme humide",NA,17.4564751437879,-0.939269665431514,"Normal",1.94241919157406,4.41584641946849,"Tres faible"
"1989-10-01",1989,10,NA,114.269479732188,-52.6906584403305,"Extreme sec",NA,19.4510053177914,0.028478535570077,"Normal",6.65737139938339,5.66590789705915,"Faible"
"1989-11-01",1989,11,NA,174.71923423342,33.2039928280796,"Humide",NA,20.9418165645581,-0.289770950395372,"Normal",4.33017164611568,4.60084611981692,"Tres faible"
"1989-12-01",1989,12,NA,302.66197918051,90.2619142861274,"Extreme humide",NA,21.8830586987533,-1.44837758348477,"Froid",0.160502237292714,2.59067624595511,"Tres faible"
"1990-01-01",1990,1,NA,459.528984453325,33.4339798376975,"Humide",NA,22.0233192453027,-0.293670875461533,"Normal",0.495909225129459,1.136337321265,"Tres faible"
"1990-02-01",1990,2,NA,388.481766569924,-3.70809425274154,"Normal",NA,21.8472806209508,-0.599616095248578,"Normal",0.168103420378819,0.634147965943502,"Tres faible"
"1990-03-01",1990,3,NA,322.893713838512,-40.0151515362995,"Sec",NA,21.3834071511572,-0.138524895937298,"Normal",0.646596564370538,0.636588145535211,"Tres faible"
"1990-04-01",1990,4,NA,164.343176644136,51.6853716935975,"Extreme humide",NA,20.1494774844684,0.208463592119468,"Normal",0.252325763551751,0.94014131627308,"Tres faible"
"1990-05-01",1990,5,NA,123.790438700058,-13.9212247482911,"Normal",NA,18.3588848769305,-0.0225676962754768,"Normal",1.00568552432402,1.0731514475664,"Tres faible"
"1990-06-01",1990,6,NA,84.4866967139282,-49.3093562382737,"Sec",NA,16.3500585975048,0.377219091197642,"Normal",1.47578404371937,1.58493931374644,"Tres faible"
"1990-07-01",1990,7,NA,93.7512350078493,-39.0698627494896,"Sec",NA,15.3712454704889,-0.424837610277743,"Normal",1.9723726112035,1.46275574030621,"Tres faible"
"1990-08-01",1990,8,NA,70.9859100871133,17.0189771196007,"Normal",NA,16.0247721927367,0.229692865422496,"Normal",1.57256854662011,2.62011459838087,"Tres faible"
"1990-09-01",1990,9,NA,69.6455636072673,-14.6868318390748,"Normal",NA,17.4564751437879,0.323469195200001,"Normal",4.01123381455739,4.41584641946849,"Tres faible"
"1990-10-01",1990,10,NA,114.269479732188,-20.7256043750919,"Normal",NA,19.4510053177914,0.212378768564736,"Normal",6.87986324985902,5.66590789705915,"Faible"
"1990-11-01",1990,11,NA,174.71923423342,-14.6734468951931,"Normal",NA,20.9418165645581,-0.654272259579411,"Normal",3.27658617409567,4.60084611981692,"Tres faible"
"1990-12-01",1990,12,NA,302.66197918051,26.1811863773108,"Humide",NA,21.8830586987533,-0.0990416496976678,"Normal",1.19551412183641,2.59067624595511,"Tres faible"
"1991-01-01",1991,1,NA,459.528984453325,-72.8790737457307,"Extreme sec",NA,22.0233192453027,0.770301736136052,"Normal",4.44651998433795,1.136337321265,"Tres faible"
"1991-02-01",1991,2,NA,388.481766569924,-43.5185696370272,"Sec",NA,21.8472806209508,0.71723984799895,"Normal",1.04072307456019,0.634147965943502,"Tres faible"
"1991-03-01",1991,3,NA,322.893713838512,-34.1579675848512,"Sec",NA,21.3834071511572,-0.285249936629423,"Normal",0.296360834216278,0.636588145535211,"Tres faible"
"1991-04-01",1991,4,NA,164.343176644136,153.124254156091,"Extreme humide",NA,20.1494774844684,-0.75616860070884,"Normal",0.0748783630580874,0.94014131627308,"Tres faible"
"1991-05-01",1991,5,NA,123.790438700058,7.44068418449066,"Normal",NA,18.3588848769305,0.260221150148666,"Normal",0.493246489257041,1.0731514475664,"Tres faible"
"1991-06-01",1991,6,NA,84.4866967139282,-30.0331204368903,"Sec",NA,16.3500585975048,-0.434320696117014,"Normal",1.90269861097137,1.58493931374644,"Tres faible"
"1991-07-01",1991,7,NA,93.7512350078493,-59.4602411502036,"Extreme sec",NA,15.3712454704889,-0.215449760468507,"Normal",2.52923409616755,1.46275574030621,"Tres faible"
"1991-08-01",1991,8,NA,70.9859100871133,-23.3494511301831,"Normal",NA,16.0247721927367,-0.123709974985525,"Normal",3.26493913608213,2.62011459838087,"Tres faible"
"1991-09-01",1991,9,NA,69.6455636072673,-66.3458667621683,"Extreme sec",NA,17.4564751437879,1.44201136520401,"Chaud",11.6674277186394,4.41584641946849,"Modere"
"1991-10-01",1991,10,NA,114.269479732188,-0.312748795429513,"Normal",NA,19.4510053177914,0.131520405661366,"Normal",4.025283994754,5.66590789705915,"Tres faible"
"1991-11-01",1991,11,NA,174.71923423342,-3.05933212358563,"Normal",NA,20.9418165645581,-0.48789978509885,"Normal",2.08066223797699,4.60084611981692,"Tres faible"
"1991-12-01",1991,12,NA,302.66197918051,2.34607649906806,"Normal",NA,21.8830586987533,-1.28026862293866,"Froid",0.86019668511806,2.59067624595511,"Tres faible"
"1992-01-01",1992,1,NA,459.528984453325,-2.38314454086814,"Normal",NA,22.0233192453027,-0.186719532058646,"Normal",0.235714529603874,1.136337321265,"Tres faible"
"1992-02-01",1992,2,NA,388.481766569924,-34.1176100619634,"Sec",NA,21.8472806209508,-1.14790396092234,"Froid",0.158831036304413,0.634147965943502,"Tres faible"
"1992-03-01",1992,3,NA,322.893713838512,-31.289036949794,"Sec",NA,21.3834071511572,-0.273782670424779,"Normal",0.471478175882611,0.636588145535211,"Tres faible"
"1992-04-01",1992,4,NA,164.343176644136,0.720136911775799,"Normal",NA,20.1494774844684,-0.51778007489369,"Normal",0.227740251737608,0.94014131627308,"Tres faible"
"1992-05-01",1992,5,NA,123.790438700058,-18.1165563033831,"Normal",NA,18.3588848769305,-0.123067223430795,"Normal",0.846720996402925,1.0731514475664,"Tres faible"
"1992-06-01",1992,6,NA,84.4866967139282,-30.0809203505592,"Sec",NA,16.3500585975048,-0.361989424491499,"Normal",1.39461791298042,1.58493931374644,"Tres faible"
"1992-07-01",1992,7,NA,93.7512350078493,-10.3221780366381,"Normal",NA,15.3712454704889,-0.710584623208771,"Normal",2.41255144150026,1.46275574030621,"Tres faible"
"1992-08-01",1992,8,NA,70.9859100871133,50.6043241216079,"Extreme humide",NA,16.0247721927367,-1.19688278523745,"Froid",1.53641567223014,2.62011459838087,"Tres faible"
"1992-09-01",1992,9,NA,69.6455636072673,-31.4636337075913,"Sec",NA,17.4564751437879,-0.619474953898834,"Normal",3.11645066949228,4.41584641946849,"Tres faible"
"1992-10-01",1992,10,NA,114.269479732188,-33.7512293221323,"Sec",NA,19.4510053177914,0.159191322241366,"Normal",6.57414449895582,5.66590789705915,"Faible"
"1992-11-01",1992,11,NA,174.71923423342,23.7454892322703,"Normal",NA,20.9418165645581,-0.42288753908225,"Normal",4.18664697882438,4.60084611981692,"Tres faible"
"1992-12-01",1992,12,NA,302.66197918051,-69.0746641784584,"Extreme sec",NA,21.8830586987533,0.262723275410565,"Normal",10.1563829664261,2.59067624595511,"Faible"
"1993-01-01",1993,1,NA,459.528984453325,-29.7067163447204,"Sec",NA,22.0233192453027,0.62333627064319,"Normal",0.904038121352994,1.136337321265,"Tres faible"
"1993-02-01",1993,2,NA,388.481766569924,33.967408023328,"Humide",NA,21.8472806209508,-0.130667476683861,"Normal",0.38743092135389,0.634147965943502,"Tres faible"
"1993-03-01",1993,3,NA,322.893713838512,9.26420483540193,"Normal",NA,21.3834071511572,-0.714320922427817,"Normal",0.79106897102906,0.636588145535211,"Tres faible"
"1993-04-01",1993,4,NA,164.343176644136,-18.6459907592712,"Normal",NA,20.1494774844684,-0.224247238501352,"Normal",0.205981407205885,0.94014131627308,"Tres faible"
"1993-05-01",1993,5,NA,123.790438700058,-50.1368627258607,"Extreme sec",NA,18.3588848769305,0.50519649708172,"Normal",1.92052984781443,1.0731514475664,"Tres faible"
"1993-06-01",1993,6,NA,84.4866967139282,30.6770780354719,"Humide",NA,16.3500585975048,-0.88737498880959,"Normal",1.74769266682367,1.58493931374644,"Tres faible"
"1993-07-01",1993,7,NA,93.7512350078493,39.1307264091647,"Humide",NA,15.3712454704889,-0.69278716131022,"Normal",0.532875654595574,1.46275574030621,"Tres faible"
"1993-08-01",1993,8,NA,70.9859100871133,17.7698186861045,"Normal",NA,16.0247721927367,-1.1850487615982,"Froid",2.30607369542122,2.62011459838087,"Tres faible"
"1993-09-01",1993,9,NA,69.6455636072673,-27.5731798304324,"Sec",NA,17.4564751437879,-0.922579013642306,"Normal",3.23774935652812,4.41584641946849,"Tres faible"
"1993-10-01",1993,10,NA,114.269479732188,7.65872510105337,"Normal",NA,19.4510053177914,-0.756202248719454,"Normal",3.57925519118867,5.66590789705915,"Tres faible"
"1993-11-01",1993,11,NA,174.71923423342,-10.7047676016053,"Normal",NA,20.9418165645581,-0.432662501599832,"Normal",2.45171934751173,4.60084611981692,"Tres faible"
"1993-12-01",1993,12,NA,302.66197918051,-22.274509425962,"Normal",NA,21.8830586987533,-0.204189777520146,"Normal",5.28431152795712,2.59067624595511,"Faible"
"1994-01-01",1994,1,NA,459.528984453325,59.5871958471919,"Extreme humide",NA,22.0233192453027,-0.967687308535311,"Normal",0.134133850888585,1.136337321265,"Tres faible"
"1994-02-01",1994,2,NA,388.481766569924,37.9638073238604,"Humide",NA,21.8472806209508,-0.494896922515526,"Normal",0.509130929977115,0.634147965943502,"Tres faible"
"1994-03-01",1994,3,NA,322.893713838512,39.8792343868345,"Humide",NA,21.3834071511572,-0.399640834159811,"Normal",0.224622916357006,0.636588145535211,"Tres faible"
"1994-04-01",1994,4,NA,164.343176644136,-9.49304901587492,"Normal",NA,20.1494774844684,0.113051205241224,"Normal",1.18566772246401,0.94014131627308,"Tres faible"
"1994-05-01",1994,5,NA,123.790438700058,38.1570990712765,"Humide",NA,18.3588848769305,-0.740529757827179,"Normal",0.850792115466902,1.0731514475664,"Tres faible"
"1994-06-01",1994,6,NA,84.4866967139282,-40.0832384965031,"Sec",NA,16.3500585975048,-0.369397413209532,"Normal",1.20686087310314,1.58493931374644,"Tres faible"
"1994-07-01",1994,7,NA,93.7512350078493,2.60868031850488,"Normal",NA,15.3712454704889,0.318436896859559,"Normal",1.18806603526877,1.46275574030621,"Tres faible"
"1994-08-01",1994,8,NA,70.9859100871133,22.5227198740412,"Normal",NA,16.0247721927367,0.0697402193052596,"Normal",1.81892800030689,2.62011459838087,"Tres faible"
"1994-09-01",1994,9,NA,69.6455636072673,-7.15195162525166,"Normal",NA,17.4564751437879,-0.242232644273674,"Normal",4.01324762937923,4.41584641946849,"Tres faible"
"1994-10-01",1994,10,NA,114.269479732188,42.9299824388014,"Humide",NA,19.4510053177914,-0.0617500287834858,"Normal",1.86309364143639,5.66590789705915,"Tres faible"
"1994-11-01",1994,11,NA,174.71923423342,-39.9088363097133,"Sec",NA,20.9418165645581,-0.237782436393797,"Normal",9.08158555428187,4.60084611981692,"Faible"
"1994-12-01",1994,12,NA,302.66197918051,-0.638417049838524,"Normal",NA,21.8830586987533,-0.464015460982743,"Normal",2.56836839515956,2.59067624595511,"Tres faible"
"1995-01-01",1995,1,NA,459.528984453325,28.5689455321575,"Humide",NA,22.0233192453027,-0.696021755282406,"Normal",0.210248937071106,1.136337321265,"Tres faible"
"1995-02-01",1995,2,NA,388.481766569924,-30.4970179524477,"Sec",NA,21.8472806209508,-0.192594688839385,"Normal",0.45940119750435,0.634147965943502,"Tres faible"
"1995-03-01",1995,3,NA,322.893713838512,-40.4735962419107,"Sec",NA,21.3834071511572,-0.456172050571226,"Normal",0.255755089208364,0.636588145535211,"Tres faible"
"1995-04-01",1995,4,NA,164.343176644136,-16.9139709739261,"Normal",NA,20.1494774844684,-0.0237515313034287,"Normal",1.23209919051733,0.94014131627308,"Tres faible"
"1995-05-01",1995,5,NA,123.790438700058,59.660549858834,"Extreme humide",NA,18.3588848769305,-0.669490532430849,"Normal",0.306864994437239,1.0731514475664,"Tres faible"
"1995-06-01",1995,6,NA,84.4866967139282,-25.9492390535711,"Sec",NA,16.3500585975048,-0.108568194674252,"Normal",0.886078518629074,1.58493931374644,"Tres faible"
"1995-07-01",1995,7,NA,93.7512350078493,-46.853064312645,"Sec",NA,15.3712454704889,0.0961893462286483,"Normal",1.59598090283332,1.46275574030621,"Tres faible"
"1995-08-01",1995,8,NA,70.9859100871133,44.781096269392,"Humide",NA,16.0247721927367,-0.423445326675511,"Normal",2.26821066568711,2.62011459838087,"Tres faible"
"1995-09-01",1995,9,NA,69.6455636072673,5.54576205561701,"Normal",NA,17.4564751437879,0.145808999858446,"Normal",2.07229365656773,4.41584641946849,"Tres faible"
"1995-10-01",1995,10,NA,114.269479732188,-54.557173683019,"Extreme sec",NA,19.4510053177914,-0.0498495406324011,"Normal",9.31847446868496,5.66590789705915,"Faible"
"1995-11-01",1995,11,NA,174.71923423342,-43.4872208283046,"Sec",NA,20.9418165645581,-0.0686632237966656,"Normal",7.5739569067955,4.60084611981692,"Faible"
"1995-12-01",1995,12,NA,302.66197918051,66.3327327023826,"Extreme humide",NA,21.8830586987533,-0.695161624773348,"Normal",0.765050607530692,2.59067624595511,"Tres faible"
"1996-01-01",1996,1,NA,459.528984453325,5.09578248541102,"Normal",NA,22.0233192453027,-0.222750941836484,"Normal",0.206488119262729,1.136337321265,"Tres faible"
"1996-02-01",1996,2,NA,388.481766569924,64.6767827585819,"Extreme humide",NA,21.8472806209508,-0.820434880076245,"Normal",0.105278435319134,0.634147965943502,"Tres faible"
"1996-03-01",1996,3,NA,322.893713838512,33.3065192332204,"Humide",NA,21.3834071511572,-0.150902523206049,"Normal",0.0868527423196112,0.636588145535211,"Tres faible"
"1996-04-01",1996,4,NA,164.343176644136,2.23055223166414,"Normal",NA,20.1494774844684,-0.260477579480071,"Normal",0.574904713562379,0.94014131627308,"Tres faible"
"1996-05-01",1996,5,NA,123.790438700058,-54.4456269131077,"Extreme sec",NA,18.3588848769305,0.0511329162276759,"Normal",0.812175831937742,1.0731514475664,"Tres faible"
"1996-06-01",1996,6,NA,84.4866967139282,-17.0965088031241,"Normal",NA,16.3500585975048,0.027439203760192,"Normal",1.81925795823336,1.58493931374644,"Tres faible"
"1996-07-01",1996,7,NA,93.7512350078493,78.1811947549241,"Extreme humide",NA,15.3712454704889,-0.587475577063467,"Normal",2.3725355149468,1.46275574030621,"Tres faible"
"1996-08-01",1996,8,NA,70.9859100871133,-46.8013479736349,"Sec",NA,16.0247721927367,-0.376998156517873,"Normal",3.89027070230053,2.62011459838087,"Tres faible"
"1996-09-01",1996,9,NA,69.6455636072673,-43.6309198368336,"Sec",NA,17.4564751437879,-0.507481231566278,"Normal",7.12126035193602,4.41584641946849,"Faible"
"1996-10-01",1996,10,NA,114.269479732188,-27.4691030276332,"Sec",NA,19.4510053177914,-0.782496016716049,"Normal",10.0486859633557,5.66590789705915,"Faible"
"1996-11-01",1996,11,NA,174.71923423342,-67.8798131069088,"Extreme sec",NA,20.9418165645581,0.69528430049635,"Normal",13.0993014104664,4.60084611981692,"Modere"
"1996-12-01",1996,12,NA,302.66197918051,49.5421324975164,"Humide",NA,21.8830586987533,-0.438411213654966,"Normal",0.290754772901246,2.59067624595511,"Tres faible"
"1997-01-01",1997,1,NA,459.528984453325,-5.31065480192787,"Normal",NA,22.0233192453027,-0.769735254680654,"Normal",0.274733977179201,1.136337321265,"Tres faible"
"1997-02-01",1997,2,NA,388.481766569924,-42.3009317422082,"Sec",NA,21.8472806209508,-0.330539766596274,"Normal",0.354189455766962,0.634147965943502,"Tres faible"
"1997-03-01",1997,3,NA,322.893713838512,-41.1782537682421,"Sec",NA,21.3834071511572,0.355765159118409,"Normal",1.08300113365535,0.636588145535211,"Tres faible"
"1997-04-01",1997,4,NA,164.343176644136,-17.0979070523997,"Normal",NA,20.1494774844684,0.0508244894219629,"Normal",0.950517998573681,0.94014131627308,"Tres faible"
"1997-05-01",1997,5,NA,123.790438700058,51.2966404657035,"Extreme humide",NA,18.3588848769305,-0.408656305538187,"Normal",0.425207869248802,1.0731514475664,"Tres faible"
"1997-06-01",1997,6,NA,84.4866967139282,-54.3926020876338,"Extreme sec",NA,16.3500585975048,0.51873319363099,"Normal",2.43733475655317,1.58493931374644,"Tres faible"
"1997-07-01",1997,7,NA,93.7512350078493,-11.7495280792428,"Normal",NA,15.3712454704889,-0.0178765470159892,"Normal",2.32933672457453,1.46275574030621,"Tres faible"
"1997-08-01",1997,8,NA,70.9859100871133,-26.3325886723469,"Sec",NA,16.0247721927367,0.327343398124082,"Normal",3.5191641270874,2.62011459838087,"Tres faible"
"1997-09-01",1997,9,NA,69.6455636072673,130.951526684849,"Extreme humide",NA,17.4564751437879,-0.320297024474183,"Normal",2.40051658856683,4.41584641946849,"Tres faible"
"1997-10-01",1997,10,NA,114.269479732188,57.2913819368596,"Extreme humide",NA,19.4510053177914,-1.44811351617601,"Froid",2.8138099608913,5.66590789705915,"Tres faible"
"1997-11-01",1997,11,NA,174.71923423342,60.7942337082873,"Extreme humide",NA,20.9418165645581,0.191858023613495,"Normal",1.7610554142079,4.60084611981692,"Tres faible"
"1997-12-01",1997,12,NA,302.66197918051,1.8366435281021,"Normal",NA,21.8830586987533,-0.347312647471622,"Normal",1.28013113135051,2.59067624595511,"Tres faible"
"1998-01-01",1998,1,NA,459.528984453325,-27.869319525722,"Sec",NA,22.0233192453027,0.451138298370331,"Normal",0.486891065694151,1.136337321265,"Tres faible"
"1998-02-01",1998,2,NA,388.481766569924,105.711118918997,"Extreme humide",NA,21.8472806209508,0.96822914377152,"Normal",0.0611588007875515,0.634147965943502,"Tres faible"
"1998-03-01",1998,3,NA,322.893713838512,-62.3501489375306,"Extreme sec",NA,21.3834071511572,0.709739971692073,"Normal",1.74770931148481,0.636588145535211,"Tres faible"
"1998-04-01",1998,4,NA,164.343176644136,-20.2801349298114,"Normal",NA,20.1494774844684,-0.0361278009138957,"Normal",0.462433169409633,0.94014131627308,"Tres faible"
"1998-05-01",1998,5,NA,123.790438700058,-55.7272629953946,"Extreme sec",NA,18.3588848769305,0.489951517990612,"Normal",3.26640019043078,1.0731514475664,"Tres faible"
"1998-06-01",1998,6,NA,84.4866967139282,57.6443360983764,"Extreme humide",NA,16.3500585975048,0.177146591387068,"Normal",1.06620873853099,1.58493931374644,"Tres faible"
"1998-07-01",1998,7,NA,93.7512350078493,2.39015991830509,"Normal",NA,15.3712454704889,-0.592832947910328,"Normal",0.717138230485181,1.46275574030621,"Tres faible"
"1998-08-01",1998,8,NA,70.9859100871133,103.104506367754,"Extreme humide",NA,16.0247721927367,-0.524172241160505,"Normal",0.573341054575247,2.62011459838087,"Tres faible"
"1998-09-01",1998,9,NA,69.6455636072673,56.3369688061368,"Extreme humide",NA,17.4564751437879,-0.421732983406901,"Normal",1.27751638876895,4.41584641946849,"Tres faible"
"1998-10-01",1998,10,NA,114.269479732188,-43.6029164313537,"Sec",NA,19.4510053177914,-0.218314180660514,"Normal",5.20219243894662,5.66590789705915,"Faible"
"1998-11-01",1998,11,NA,174.71923423342,-85.580141437532,"Extreme sec",NA,20.9418165645581,0.417330725424719,"Normal",14.319528110822,4.60084611981692,"Modere"
"1998-12-01",1998,12,NA,302.66197918051,30.9977306960933,"Humide",NA,21.8830586987533,-0.413456565147271,"Normal",2.06460211356546,2.59067624595511,"Tres faible"
"1999-01-01",1999,1,NA,459.528984453325,-30.6236706370423,"Sec",NA,22.0233192453027,-0.579365375563697,"Normal",0.920210165417361,1.136337321265,"Tres faible"
"1999-02-01",1999,2,NA,388.481766569924,-31.9620454961126,"Sec",NA,21.8472806209508,0.387847602995492,"Normal",0.478813105196293,0.634147965943502,"Tres faible"
"1999-03-01",1999,3,NA,322.893713838512,-21.4190680812755,"Normal",NA,21.3834071511572,-0.405873929192971,"Normal",0.407701779367222,0.636588145535211,"Tres faible"
"1999-04-01",1999,4,NA,164.343176644136,-1.48454731974134,"Normal",NA,20.1494774844684,-0.894491841039066,"Normal",1.04170785782044,0.94014131627308,"Tres faible"
"1999-05-01",1999,5,NA,123.790438700058,-1.00154050177628,"Normal",NA,18.3588848769305,0.109586839195597,"Normal",1.07008260344305,1.0731514475664,"Tres faible"
"1999-06-01",1999,6,NA,84.4866967139282,-60.4958467865491,"Extreme sec",NA,16.3500585975048,-0.0620975023189594,"Normal",4.45510527690252,1.58493931374644,"Tres faible"
"1999-07-01",1999,7,NA,93.7512350078493,49.7582087123698,"Humide",NA,15.3712454704889,-0.85403879467914,"Normal",0.400028801218967,1.46275574030621,"Tres faible"
"1999-08-01",1999,8,NA,70.9859100871133,-42.556411665332,"Sec",NA,16.0247721927367,-0.0309874776249863,"Normal",2.83956376847721,2.62011459838087,"Tres faible"
"1999-09-01",1999,9,NA,69.6455636072673,-6.51686623537759,"Normal",NA,17.4564751437879,-0.181203608357333,"Normal",4.57121929029624,4.41584641946849,"Tres faible"
"1999-10-01",1999,10,NA,114.269479732188,37.9191449127969,"Humide",NA,19.4510053177914,-1.59421497831861,"Froid",2.65185394510627,5.66590789705915,"Tres faible"
"1999-11-01",1999,11,NA,174.71923423342,-41.0855731408952,"Sec",NA,20.9418165645581,-0.654740504009013,"Normal",2.68902590433718,4.60084611981692,"Tres faible"
"1999-12-01",1999,12,NA,302.66197918051,-29.833712574386,"Sec",NA,21.8830586987533,-0.528736507694212,"Normal",4.28144240310235,2.59067624595511,"Tres faible"
"2000-01-01",2000,1,NA,459.528984453325,-34.6800461004513,"Sec",NA,22.0233192453027,0.109365709414096,"Normal",1.54260403529676,1.136337321265,"Tres faible"
"2000-02-01",2000,2,NA,388.481766569924,49.983312463213,"Humide",NA,21.8472806209508,-1.18402341642405,"Froid",0.127735290193309,0.634147965943502,"Tres faible"
"2000-03-01",2000,3,NA,322.893713838512,20.1012521944006,"Normal",NA,21.3834071511572,-0.662143559061082,"Normal",0.902714063634777,0.636588145535211,"Tres faible"
"2000-04-01",2000,4,NA,164.343176644136,-43.4703754623734,"Sec",NA,20.1494774844684,0.356684037490666,"Normal",3.76780677512288,0.94014131627308,"Tres faible"
"2000-05-01",2000,5,NA,123.790438700058,-19.2888548982845,"Normal",NA,18.3588848769305,0.278666761908394,"Normal",1.68707661402802,1.0731514475664,"Tres faible"
"2000-06-01",2000,6,NA,84.4866967139282,7.668231876482,"Normal",NA,16.3500585975048,-0.582565508271127,"Normal",1.13909228692452,1.58493931374644,"Tres faible"
"2000-07-01",2000,7,NA,93.7512350078493,110.348111652319,"Extreme humide",NA,15.3712454704889,-0.310768897144204,"Normal",0.349640722876701,1.46275574030621,"Tres faible"
"2000-08-01",2000,8,NA,70.9859100871133,30.111827005488,"Humide",NA,16.0247721927367,-0.377413741932546,"Normal",0.465755207689419,2.62011459838087,"Tres faible"
"2000-09-01",2000,9,NA,69.6455636072673,-19.2798805834913,"Normal",NA,17.4564751437879,-0.947349624430821,"Normal",3.79366831084092,4.41584641946849,"Tres faible"
"2000-10-01",2000,10,NA,114.269479732188,-26.317885726847,"Sec",NA,19.4510053177914,-0.339188160734242,"Normal",5.98322259802972,5.66590789705915,"Faible"
"2000-11-01",2000,11,NA,174.71923423342,22.9664282606556,"Normal",NA,20.9418165645581,-0.860064993687505,"Normal",1.8213531081914,4.60084611981692,"Tres faible"
"2000-12-01",2000,12,NA,302.66197918051,6.93786068997866,"Normal",NA,21.8830586987533,-0.31071655471029,"Normal",1.24219887628457,2.59067624595511,"Tres faible"
"2001-01-01",2001,1,NA,459.528984453325,39.8615913904017,"Humide",NA,22.0233192453027,-0.387903622942993,"Normal",0.869748771959196,1.136337321265,"Tres faible"
"2001-02-01",2001,2,NA,388.481766569924,-61.5186982903176,"Extreme sec",NA,21.8472806209508,0.196207883554454,"Normal",1.1059310665088,0.634147965943502,"Tres faible"
"2001-03-01",2001,3,NA,322.893713838512,-38.7506728327588,"Sec",NA,21.3834071511572,0.283607527579267,"Normal",0.793824155694775,0.636588145535211,"Tres faible"
"2001-04-01",2001,4,NA,164.343176644136,-31.0381283550403,"Sec",NA,20.1494774844684,0.128066351147456,"Normal",1.59238114880087,0.94014131627308,"Tres faible"
"2001-05-01",2001,5,NA,123.790438700058,-10.6288108613055,"Normal",NA,18.3588848769305,-0.19155722164518,"Normal",1.83505582276191,1.0731514475664,"Tres faible"
"2001-06-01",2001,6,NA,84.4866967139282,23.8742006997403,"Normal",NA,16.3500585975048,-0.895836812530028,"Normal",0.507081390855213,1.58493931374644,"Tres faible"
"2001-07-01",2001,7,NA,93.7512350078493,-8.53088949290225,"Normal",NA,15.3712454704889,0.0280577792504566,"Normal",1.75945511047218,1.46275574030621,"Tres faible"
"2001-08-01",2001,8,NA,70.9859100871133,33.1374478408902,"Humide",NA,16.0247721927367,0.623671807788131,"Normal",2.84574284683913,2.62011459838087,"Tres faible"
"2001-09-01",2001,9,NA,69.6455636072673,-25.8763080652236,"Sec",NA,17.4564751437879,0.641710056278153,"Normal",5.50505368957917,4.41584641946849,"Faible"
"2001-10-01",2001,10,NA,114.269479732188,-12.0599769035797,"Normal",NA,19.4510053177914,-0.555252939697365,"Normal",4.64425677253354,5.66590789705915,"Tres faible"
"2001-11-01",2001,11,NA,174.71923423342,-75.0065695817015,"Extreme sec",NA,20.9418165645581,0.228653459343832,"Normal",10.4279758870602,4.60084611981692,"Faible"
"2001-12-01",2001,12,NA,302.66197918051,26.2768822607663,"Humide",NA,21.8830586987533,0.925290328469323,"Normal",7.78136880893846,2.59067624595511,"Faible"
"2002-01-01",2002,1,NA,459.528984453325,-47.6419090815386,"Sec",NA,22.0233192453027,-0.244080688693568,"Normal",1.72903300929935,1.136337321265,"Tres faible"
"2002-02-01",2002,2,NA,388.481766569924,5.90215095863345,"Normal",NA,21.8472806209508,-0.182392692902521,"Normal",0.382552813133203,0.634147965943502,"Tres faible"
"2002-03-01",2002,3,NA,322.893713838512,10.3757083201266,"Normal",NA,21.3834071511572,-0.340821523369598,"Normal",0.142022412902733,0.636588145535211,"Tres faible"
"2002-04-01",2002,4,NA,164.343176644136,30.5402870668859,"Humide",NA,20.1494774844684,-0.673473793047879,"Normal",0.448685943548723,0.94014131627308,"Tres faible"
"2002-05-01",2002,5,NA,123.790438700058,134.039384644188,"Extreme humide",NA,18.3588848769305,-0.23699324444426,"Normal",0.850745833505931,1.0731514475664,"Tres faible"
"2002-06-01",2002,6,NA,84.4866967139282,20.8245515536614,"Normal",NA,16.3500585975048,-0.680613194906268,"Normal",0.369919598785539,1.58493931374644,"Tres faible"
"2002-07-01",2002,7,NA,93.7512350078493,-27.0575856241234,"Sec",NA,15.3712454704889,1.04288941456016,"Chaud",1.37179207714695,1.46275574030621,"Tres faible"
"2002-08-01",2002,8,NA,70.9859100871133,11.2729525454213,"Normal",NA,16.0247721927367,-0.626183430085707,"Normal",1.04103610532418,2.62011459838087,"Tres faible"
"2002-09-01",2002,9,NA,69.6455636072673,-1.2561711958313,"Normal",NA,17.4564751437879,0.0551053013408556,"Normal",2.9637716387709,4.41584641946849,"Tres faible"
"2002-10-01",2002,10,NA,114.269479732188,-21.0596836393267,"Normal",NA,19.4510053177914,-0.484191996905196,"Normal",4.94187617986914,5.66590789705915,"Tres faible"
"2002-11-01",2002,11,NA,174.71923423342,22.929835062843,"Normal",NA,20.9418165645581,-0.121797133490809,"Normal",2.36997439175223,4.60084611981692,"Tres faible"
"2002-12-01",2002,12,NA,302.66197918051,75.4807626782873,"Extreme humide",NA,21.8830586987533,-1.09256185311898,"Froid",0.103080039474017,2.59067624595511,"Tres faible"
"2003-01-01",2003,1,NA,459.528984453325,40.3175862537908,"Humide",NA,22.0233192453027,-0.0845004652073378,"Normal",0.221042266064359,1.136337321265,"Tres faible"
"2003-02-01",2003,2,NA,388.481766569924,-32.848666421707,"Sec",NA,21.8472806209508,-0.11394051003154,"Normal",0.189149271730067,0.634147965943502,"Tres faible"
"2003-03-01",2003,3,NA,322.893713838512,35.2188854962951,"Humide",NA,21.3834071511572,-0.109009237000166,"Normal",0.132003496821655,0.636588145535211,"Tres faible"
"2003-04-01",2003,4,NA,164.343176644136,-3.33265257166968,"Normal",NA,20.1494774844684,-0.151253322812554,"Normal",0.454424233967438,0.94014131627308,"Tres faible"
"2003-05-01",2003,5,NA,123.790438700058,39.350420348953,"Humide",NA,18.3588848769305,0.793404337647406,"Normal",0.861292729411176,1.0731514475664,"Tres faible"
"2003-06-01",2003,6,NA,84.4866967139282,29.2335419039167,"Humide",NA,16.3500585975048,-0.0984824967795035,"Normal",1.06557894375486,1.58493931374644,"Tres faible"
"2003-07-01",2003,7,NA,93.7512350078493,2.7939134530903,"Normal",NA,15.3712454704889,-0.637715453992872,"Normal",0.477915934452246,1.46275574030621,"Tres faible"
"2003-08-01",2003,8,NA,70.9859100871133,41.2301790452073,"Humide",NA,16.0247721927367,-1.12343141937846,"Froid",1.0811739772438,2.62011459838087,"Tres faible"
"2003-09-01",2003,9,NA,69.6455636072673,10.8253129389748,"Normal",NA,17.4564751437879,-0.402598096115401,"Normal",2.80643245677153,4.41584641946849,"Tres faible"
"2003-10-01",2003,10,NA,114.269479732188,-53.5540448816134,"Extreme sec",NA,19.4510053177914,0.777031786502523,"Normal",6.69775285643916,5.66590789705915,"Faible"
"2003-11-01",2003,11,NA,174.71923423342,-11.5797657477425,"Normal",NA,20.9418165645581,-0.0371931388868205,"Normal",3.20691857365891,4.60084611981692,"Tres faible"
"2003-12-01",2003,12,NA,302.66197918051,-13.4794381833285,"Normal",NA,21.8830586987533,0.439465594509912,"Normal",1.71390213841392,2.59067624595511,"Tres faible"
"2004-01-01",2004,1,NA,459.528984453325,-13.5264537736743,"Normal",NA,22.0233192453027,-0.121527708348506,"Normal",0.395305302228664,1.136337321265,"Tres faible"
"2004-02-01",2004,2,NA,388.481766569924,-26.6634836097525,"Sec",NA,21.8472806209508,0.169391919912584,"Normal",2.31400591875266,0.634147965943502,"Tres faible"
"2004-03-01",2004,3,NA,322.893713838512,-8.71020243347802,"Normal",NA,21.3834071511572,-0.0395168324709161,"Normal",0.475985678757781,0.636588145535211,"Tres faible"
"2004-04-01",2004,4,NA,164.343176644136,-30.6082808582633,"Sec",NA,20.1494774844684,-0.200980365224087,"Normal",0.503225045806418,0.94014131627308,"Tres faible"
"2004-05-01",2004,5,NA,123.790438700058,0.909343181435605,"Normal",NA,18.3588848769305,-1.29201656836364,"Froid",0.416992096320516,1.0731514475664,"Tres faible"
"2004-06-01",2004,6,NA,84.4866967139282,8.83473654516196,"Normal",NA,16.3500585975048,-0.928882464372059,"Normal",0.963034840797385,1.58493931374644,"Tres faible"
"2004-07-01",2004,7,NA,93.7512350078493,-33.3868292787506,"Sec",NA,15.3712454704889,0.612785115071166,"Normal",2.35198299311507,1.46275574030621,"Tres faible"
"2004-08-01",2004,8,NA,70.9859100871133,-43.5155573267619,"Sec",NA,16.0247721927367,0.36057165596414,"Normal",4.16552588487825,2.62011459838087,"Tres faible"
"2004-09-01",2004,9,NA,69.6455636072673,41.3652396698112,"Humide",NA,17.4564751437879,0.464687102251698,"Normal",2.40467997870098,4.41584641946849,"Tres faible"
"2004-10-01",2004,10,NA,114.269479732188,4.86551222059204,"Normal",NA,19.4510053177914,-0.107808733771272,"Normal",NA,NA,NA
"2004-11-01",2004,11,NA,174.71923423342,-32.2304637632803,"Sec",NA,20.9418165645581,-0.475559214394508,"Normal",2.81372334867095,4.60084611981692,"Tres faible"
"2004-12-01",2004,12,NA,302.66197918051,38.2841701628067,"Humide",NA,21.8830586987533,-0.215258376150945,"Normal",1.54342873107864,2.59067624595511,"Tres faible"
"2005-01-01",2005,1,NA,459.528984453325,-2.78772655920957,"Normal",NA,22.0233192453027,0.75989521279887,"Normal",1.23343717749904,1.136337321265,"Tres faible"
"2005-02-01",2005,2,NA,388.481766569924,-29.8189512163352,"Sec",NA,21.8472806209508,0.49499552920733,"Normal",0.649827935998993,0.634147965943502,"Tres faible"
"2005-03-01",2005,3,NA,322.893713838512,8.08771904020776,"Normal",NA,21.3834071511572,0.148819294505721,"Normal",0.208879514410782,0.636588145535211,"Tres faible"
"2005-04-01",2005,4,NA,164.343176644136,-6.09974037735874,"Normal",NA,20.1494774844684,0.0865768236859807,"Normal",0.929101232111259,0.94014131627308,"Tres faible"
"2005-05-01",2005,5,NA,123.790438700058,40.3799822684225,"Humide",NA,18.3588848769305,-0.367756212616911,"Normal",0.201428851942652,1.0731514475664,"Tres faible"
"2005-06-01",2005,6,NA,84.4866967139282,-54.3917322322801,"Extreme sec",NA,16.3500585975048,0.340706727858549,"Normal",1.91191625421246,1.58493931374644,"Tres faible"
"2005-07-01",2005,7,NA,93.7512350078493,28.9406170394651,"Humide",NA,15.3712454704889,-0.519541284567792,"Normal",0.779853654877732,1.46275574030621,"Tres faible"
"2005-08-01",2005,8,NA,70.9859100871133,-50.6231258291075,"Extreme sec",NA,16.0247721927367,-0.314591763212418,"Normal",3.63519106156403,2.62011459838087,"Tres faible"
"2005-09-01",2005,9,NA,69.6455636072673,-27.7326564371681,"Sec",NA,17.4564751437879,-0.677478796162831,"Normal",3.93542283227046,4.41584641946849,"Tres faible"
"2005-10-01",2005,10,NA,114.269479732188,-54.4617669508126,"Extreme sec",NA,19.4510053177914,-0.523124515691361,"Normal",9.18246951987666,5.66590789705915,"Faible"
"2005-11-01",2005,11,NA,174.71923423342,22.1341741553724,"Normal",NA,20.9418165645581,-0.139410499438743,"Normal",6.0681718206654,4.60084611981692,"Faible"
"2005-12-01",2005,12,NA,302.66197918051,17.8083727411392,"Normal",NA,21.8830586987533,0.0273913874902618,"Normal",1.45593671776712,2.59067624595511,"Tres faible"
"2006-01-01",2006,1,NA,459.528984453325,-45.260984814114,"Sec",NA,22.0233192453027,-0.334643180338318,"Normal",1.42773376811628,1.136337321265,"Tres faible"
"2006-02-01",2006,2,NA,388.481766569924,-56.7978312398124,"Extreme sec",NA,21.8472806209508,0.242706658057109,"Normal",0.659310817385891,0.634147965943502,"Tres faible"
"2006-03-01",2006,3,NA,322.893713838512,-28.9641446204269,"Sec",NA,21.3834071511572,0.664412530296563,"Normal",1.50743464676329,0.636588145535211,"Tres faible"
"2006-04-01",2006,4,NA,164.343176644136,-38.7794391172926,"Sec",NA,20.1494774844684,0.311394424030567,"Normal",1.27267399802804,0.94014131627308,"Tres faible"
"2006-05-01",2006,5,NA,123.790438700058,-34.9953382774241,"Sec",NA,18.3588848769305,0.637806930453401,"Normal",1.95320064322122,1.0731514475664,"Tres faible"
"2006-06-01",2006,6,NA,84.4866967139282,-4.99740432778987,"Normal",NA,16.3500585975048,0.6581027099419,"Normal",1.37401161937354,1.58493931374644,"Tres faible"
"2006-07-01",2006,7,NA,93.7512350078493,24.1551059674396,"Normal",NA,15.3712454704889,0.210546390572624,"Normal",0.487274569729644,1.46275574030621,"Tres faible"
"2006-08-01",2006,8,NA,70.9859100871133,-37.8480391106889,"Sec",NA,16.0247721927367,0.543816775672671,"Normal",2.52548456961109,2.62011459838087,"Tres faible"
"2006-09-01",2006,9,NA,69.6455636072673,25.8999760732736,"Humide",NA,17.4564751437879,-0.762869534109871,"Normal",2.94846713232497,4.41584641946849,"Tres faible"
"2006-10-01",2006,10,NA,114.269479732188,-27.8037911385823,"Sec",NA,19.4510053177914,-0.583239657989783,"Normal",5.21134998805581,5.66590789705915,"Faible"
"2006-11-01",2006,11,NA,174.71923423342,63.7621184040276,"Extreme humide",NA,20.9418165645581,0.124544646187978,"Normal",4.62606548958768,4.60084611981692,"Tres faible"
"2006-12-01",2006,12,NA,302.66197918051,-30.5884076237696,"Sec",NA,21.8830586987533,0.16457912419213,"Normal",1.54399379601329,2.59067624595511,"Tres faible"
"2007-01-01",2007,1,NA,459.528984453325,113.685577000648,"Extreme humide",NA,22.0233192453027,-0.508780734595419,"Normal",0.229376659819066,1.136337321265,"Tres faible"
"2007-02-01",2007,2,NA,388.481766569924,68.5638403211526,"Extreme humide",NA,21.8472806209508,0.366996845678706,"Normal",0.142988548800145,0.634147965943502,"Tres faible"
"2007-03-01",2007,3,NA,322.893713838512,-3.99280818775431,"Normal",NA,21.3834071511572,0.436534049663813,"Normal",1.81284750420966,0.636588145535211,"Tres faible"
"2007-04-01",2007,4,NA,164.343176644136,-7.39653161637176,"Normal",NA,20.1494774844684,0.58122970682069,"Normal",0.92232633382082,0.94014131627308,"Tres faible"
"2007-05-01",2007,5,NA,123.790438700058,34.6649411283209,"Humide",NA,18.3588848769305,0.236336096293837,"Normal",0.419134862229018,1.0731514475664,"Tres faible"
"2007-06-01",2007,6,NA,84.4866967139282,-19.2607469972736,"Normal",NA,16.3500585975048,-0.428915706294879,"Normal",1.5082666526859,1.58493931374644,"Tres faible"
"2007-07-01",2007,7,NA,93.7512350078493,-32.5333069989546,"Sec",NA,15.3712454704889,0.430201305028652,"Normal",1.14938830704458,1.46275574030621,"Tres faible"
"2007-08-01",2007,8,NA,70.9859100871133,1.78920476294339,"Normal",NA,16.0247721927367,-0.0224467781411413,"Normal",2.79604524061565,2.62011459838087,"Tres faible"
"2007-09-01",2007,9,NA,69.6455636072673,28.7323907283804,"Humide",NA,17.4564751437879,-0.407034339894395,"Normal",2.81017792622248,4.41584641946849,"Tres faible"
"2007-10-01",2007,10,NA,114.269479732188,-4.21794198770135,"Normal",NA,19.4510053177914,-0.87815354318057,"Normal",4.00180779481607,5.66590789705915,"Tres faible"
"2007-11-01",2007,11,NA,174.71923423342,-24.1960579901952,"Normal",NA,20.9418165645581,0.442997862801025,"Normal",4.52561516451339,4.60084611981692,"Tres faible"
"2007-12-01",2007,12,NA,302.66197918051,-9.12358499624402,"Normal",NA,21.8830586987533,0.607058247598133,"Normal",7.42723606193848,2.59067624595511,"Faible"
"2008-01-01",2008,1,NA,459.528984453325,-34.0653983493185,"Sec",NA,22.0233192453027,0.331771412350214,"Normal",0.807417399392674,1.136337321265,"Tres faible"
"2008-02-01",2008,2,NA,388.481766569924,53.291337747995,"Extreme humide",NA,21.8472806209508,-0.549833687243041,"Normal",0.301436560803679,0.634147965943502,"Tres faible"
"2008-03-01",2008,3,NA,322.893713838512,-36.9236860169196,"Sec",NA,21.3834071511572,-0.988628022704159,"Normal",0.515475171144053,0.636588145535211,"Tres faible"
"2008-04-01",2008,4,NA,164.343176644136,10.7630105121571,"Normal",NA,20.1494774844684,0.0375432943033047,"Normal",0.673060927439171,0.94014131627308,"Tres faible"
"2008-05-01",2008,5,NA,123.790438700058,12.4887290597263,"Normal",NA,18.3588848769305,-1.29329096162975,"Froid",0.34397517877721,1.0731514475664,"Tres faible"
"2008-06-01",2008,6,NA,84.4866967139282,-4.8042819469547,"Normal",NA,16.3500585975048,-0.864118963005517,"Normal",0.854845328008135,1.58493931374644,"Tres faible"
"2008-07-01",2008,7,NA,93.7512350078493,16.487070876554,"Normal",NA,15.3712454704889,-0.20694275715155,"Normal",1.46292274120835,1.46275574030621,"Tres faible"
"2008-08-01",2008,8,NA,70.9859100871133,-22.7027014236331,"Normal",NA,16.0247721927367,0.0681097433264668,"Normal",1.94153315754187,2.62011459838087,"Tres faible"
"2008-09-01",2008,9,NA,69.6455636072673,7.3003885108476,"Normal",NA,17.4564751437879,0.715029957634677,"Normal",3.85116252774994,4.41584641946849,"Tres faible"
"2008-10-01",2008,10,NA,114.269479732188,-9.76463558765225,"Normal",NA,19.4510053177914,0.527699945945255,"Normal",8.56995257152425,5.66590789705915,"Faible"
"2008-11-01",2008,11,NA,174.71923423342,66.1274325933757,"Extreme humide",NA,20.9418165645581,-0.110668718482252,"Normal",1.15126948002726,4.60084611981692,"Tres faible"
"2008-12-01",2008,12,NA,302.66197918051,-28.9520209155478,"Sec",NA,21.8830586987533,0.890078626725188,"Normal",2.95570190823186,2.59067624595511,"Tres faible"
"2009-01-01",2009,1,NA,459.528984453325,19.7959634469762,"Normal",NA,22.0233192453027,1.00816950503857,"Chaud",0.819376237149681,1.136337321265,"Tres faible"
"2009-02-01",2009,2,NA,388.481766569924,-52.4154287760492,"Extreme sec",NA,21.8472806209508,-0.0412249381940626,"Normal",0.761730361971006,0.634147965943502,"Tres faible"
"2009-03-01",2009,3,NA,322.893713838512,-0.00434410100083774,"Normal",NA,21.3834071511572,0.528216847682579,"Normal",0.319565778147549,0.636588145535211,"Tres faible"
"2009-04-01",2009,4,NA,164.343176644136,117.662765409446,"Extreme humide",NA,20.1494774844684,-0.909351183732323,"Normal",0.34142715320326,0.94014131627308,"Tres faible"
"2009-05-01",2009,5,NA,123.790438700058,-26.5872616093898,"Sec",NA,18.3588848769305,0.20212421393823,"Normal",1.46650959274942,1.0731514475664,"Tres faible"
"2009-06-01",2009,6,NA,84.4866967139282,-52.4393552076952,"Extreme sec",NA,16.3500585975048,1.1283781237103,"Chaud",2.69333737293879,1.58493931374644,"Tres faible"
"2009-07-01",2009,7,NA,93.7512350078493,25.6786129777977,"Humide",NA,15.3712454704889,-0.362983052857253,"Normal",1.35431505939473,1.46275574030621,"Tres faible"
"2009-08-01",2009,8,NA,70.9859100871133,41.3813853579372,"Humide",NA,16.0247721927367,0.0516677163483976,"Normal",0.43827913653466,2.62011459838087,"Tres faible"
"2009-09-01",2009,9,NA,69.6455636072673,67.234977407963,"Extreme humide",NA,17.4564751437879,0.442022045292337,"Normal",2.64535203317646,4.41584641946849,"Tres faible"
"2009-10-01",2009,10,NA,114.269479732188,56.2281895510483,"Extreme humide",NA,19.4510053177914,0.350633861435551,"Normal",2.94189920973393,5.66590789705915,"Tres faible"
"2009-11-01",2009,11,NA,174.71923423342,9.01872840956366,"Normal",NA,20.9418165645581,-0.881417866992628,"Normal",1.45712598188935,4.60084611981692,"Tres faible"
"2009-12-01",2009,12,NA,302.66197918051,-12.7775116279352,"Normal",NA,21.8830586987533,-0.0208950756454414,"Normal",1.32337197192734,2.59067624595511,"Tres faible"
"2010-01-01",2010,1,NA,459.528984453325,35.3493869885131,"Humide",NA,22.0233192453027,-0.172302396028968,"Normal",0.459612250574508,1.136337321265,"Tres faible"
"2010-02-01",2010,2,NA,388.481766569924,-46.3241722432465,"Sec",NA,21.8472806209508,-0.117685624894001,"Normal",0.504891340088631,0.634147965943502,"Tres faible"
"2010-03-01",2010,3,NA,322.893713838512,144.637528470496,"Extreme humide",NA,21.3834071511572,0.62251006452443,"Normal",0.352393612639458,0.636588145535211,"Tres faible"
"2010-04-01",2010,4,NA,164.343176644136,-50.3876960676102,"Extreme sec",NA,20.1494774844684,0.836915617922916,"Normal",3.01958215056608,0.94014131627308,"Tres faible"
"2010-05-01",2010,5,NA,123.790438700058,-19.0413416964011,"Normal",NA,18.3588848769305,1.23451060300526,"Chaud",0.935307282850244,1.0731514475664,"Tres faible"
"2010-06-01",2010,6,NA,84.4866967139282,-12.8326938011244,"Normal",NA,16.3500585975048,0.964797808863594,"Normal",2.10083891836305,1.58493931374644,"Tres faible"
"2010-07-01",2010,7,NA,93.7512350078493,52.5619953218483,"Extreme humide",NA,15.3712454704889,-0.164401580655253,"Normal",0.806612506580179,1.46275574030621,"Tres faible"
"2010-08-01",2010,8,NA,70.9859100871133,23.1744987127424,"Normal",NA,16.0247721927367,-0.583142973420854,"Normal",0.815335125091576,2.62011459838087,"Tres faible"
"2010-09-01",2010,9,NA,69.6455636072673,-29.535139968681,"Sec",NA,17.4564751437879,0.0181231884833686,"Normal",4.16999319059153,4.41584641946849,"Tres faible"
"2010-10-01",2010,10,NA,114.269479732188,-37.6040166786963,"Sec",NA,19.4510053177914,0.896277851440814,"Normal",8.03603417450382,5.66590789705915,"Faible"
"2010-11-01",2010,11,NA,174.71923423342,-41.2258422394397,"Sec",NA,20.9418165645581,0.318091610002668,"Normal",6.82222214452922,4.60084611981692,"Faible"
"2010-12-01",2010,12,NA,302.66197918051,-19.1181515576943,"Normal",NA,21.8830586987533,0.938908753519343,"Normal",5.93195446172068,2.59067624595511,"Faible"
"2011-01-01",2011,1,NA,459.528984453325,-32.887802930411,"Sec",NA,22.0233192453027,0.215311340794443,"Normal",1.88585749319475,1.136337321265,"Tres faible"
"2011-02-01",2011,2,NA,388.481766569924,15.1129457731498,"Normal",NA,21.8472806209508,0.170576087416478,"Normal",1.52263583749947,0.634147965943502,"Tres faible"
"2011-03-01",2011,3,NA,322.893713838512,-29.4615203657821,"Sec",NA,21.3834071511572,0.104889862355861,"Normal",0.554171500554789,0.636588145535211,"Tres faible"
"2011-04-01",2011,4,NA,164.343176644136,-7.26049605463357,"Normal",NA,20.1494774844684,1.13794351980566,"Chaud",0.567182268202305,0.94014131627308,"Tres faible"
"2011-05-01",2011,5,NA,123.790438700058,-12.5342494424472,"Normal",NA,18.3588848769305,0.659041232672688,"Normal",1.87818069433824,1.0731514475664,"Tres faible"
"2011-06-01",2011,6,NA,84.4866967139282,-49.0299485108294,"Sec",NA,16.3500585975048,1.64876904315068,"Chaud",4.01873314330975,1.58493931374644,"Tres faible"
"2011-07-01",2011,7,NA,93.7512350078493,-41.8915772922713,"Sec",NA,15.3712454704889,0.788783681467926,"Normal",3.07938115154543,1.46275574030621,"Tres faible"
"2011-08-01",2011,8,NA,70.9859100871133,58.9408583920323,"Extreme humide",NA,16.0247721927367,0.751758735278916,"Normal",0.889438918401157,2.62011459838087,"Tres faible"
"2011-09-01",2011,9,NA,69.6455636072673,-2.94907980362378,"Normal",NA,17.4564751437879,-0.0169450948972489,"Normal",2.73056760330995,4.41584641946849,"Tres faible"
"2011-10-01",2011,10,NA,114.269479732188,26.556637431819,"Humide",NA,19.4510053177914,0.261244960543301,"Normal",3.04299462021839,5.66590789705915,"Tres faible"
"2011-11-01",2011,11,NA,174.71923423342,21.4520520957192,"Normal",NA,20.9418165645581,0.566908735674911,"Normal",2.51347751754026,4.60084611981692,"Tres faible"
"2011-12-01",2011,12,NA,302.66197918051,-12.3423055998163,"Normal",NA,21.8830586987533,0.329003787027382,"Normal",1.66306983460222,2.59067624595511,"Tres faible"
"2012-01-01",2012,1,NA,459.528984453325,25.5758308418634,"Humide",NA,22.0233192453027,-0.63086158660585,"Normal",0.170862408821948,1.136337321265,"Tres faible"
"2012-02-01",2012,2,NA,388.481766569924,23.0171476423129,"Normal",NA,21.8472806209508,0.517560635350829,"Normal",0.701266836408385,0.634147965943502,"Tres faible"
"2012-03-01",2012,3,NA,322.893713838512,44.9515235486155,"Humide",NA,21.3834071511572,-0.188204723979815,"Normal",0.969622551110283,0.636588145535211,"Tres faible"
"2012-04-01",2012,4,NA,164.343176644136,45.4700432139949,"Humide",NA,20.1494774844684,-0.124032586834211,"Normal",0.236164073033966,0.94014131627308,"Tres faible"
"2012-05-01",2012,5,NA,123.790438700058,-2.58141617461295,"Normal",NA,18.3588848769305,-0.150535994171527,"Normal",0.568232040957458,1.0731514475664,"Tres faible"
"2012-06-01",2012,6,NA,84.4866967139282,16.8413998852338,"Normal",NA,16.3500585975048,0.402407708582022,"Normal",1.25083311547339,1.58493931374644,"Tres faible"
"2012-07-01",2012,7,NA,93.7512350078493,-70.1554159457276,"Extreme sec",NA,15.3712454704889,0.830072840162963,"Normal",3.87934927017458,1.46275574030621,"Tres faible"
"2012-08-01",2012,8,NA,70.9859100871133,-37.6013403248642,"Sec",NA,16.0247721927367,0.847429844237666,"Normal",5.9055854207085,2.62011459838087,"Faible"
"2012-09-01",2012,9,NA,69.6455636072673,1.38148549976853,"Normal",NA,17.4564751437879,0.206094133007067,"Normal",5.8300228074193,4.41584641946849,"Faible"
"2012-10-01",2012,10,NA,114.269479732188,8.4319069517339,"Normal",NA,19.4510053177914,0.831994379687345,"Normal",12.7698875713733,5.66590789705915,"Modere"
"2012-11-01",2012,11,NA,174.71923423342,33.0145960293782,"Humide",NA,20.9418165645581,-0.476784020166011,"Normal",1.46312606539577,4.60084611981692,"Tres faible"
"2012-12-01",2012,12,NA,302.66197918051,-2.75508898632137,"Normal",NA,21.8830586987533,-0.602054904358319,"Normal",0.932683372119021,2.59067624595511,"Tres faible"
"2013-01-01",2013,1,NA,459.528984453325,-2.82904498354463,"Normal",NA,22.0233192453027,0.305702578389138,"Normal",1.28945791456124,1.136337321265,"Tres faible"
"2013-02-01",2013,2,NA,388.481766569924,58.42058519731,"Extreme humide",NA,21.8472806209508,0.0226068070657099,"Normal",0.841825673863586,0.634147965943502,"Tres faible"
"2013-03-01",2013,3,NA,322.893713838512,-35.8215028069086,"Sec",NA,21.3834071511572,-0.278782090227573,"Normal",0.583527488476266,0.636588145535211,"Tres faible"
"2013-04-01",2013,4,NA,164.343176644136,-29.5418963963668,"Sec",NA,20.1494774844684,-0.368378913382397,"Normal",0.93856969519984,0.94014131627308,"Tres faible"
"2013-05-01",2013,5,NA,123.790438700058,-11.8311469491978,"Normal",NA,18.3588848769305,-0.147899102476632,"Normal",0.529030625700891,1.0731514475664,"Tres faible"
"2013-06-01",2013,6,NA,84.4866967139282,-45.7442001580913,"Sec",NA,16.3500585975048,-0.844254267600126,"Normal",1.67578298871716,1.58493931374644,"Tres faible"
"2013-07-01",2013,7,NA,93.7512350078493,-48.2254584098838,"Sec",NA,15.3712454704889,-0.220768786197633,"Normal",2.22525626469043,1.46275574030621,"Tres faible"
"2013-08-01",2013,8,NA,70.9859100871133,24.8348680064268,"Normal",NA,16.0247721927367,-0.756577025621386,"Normal",2.86443187524715,2.62011459838087,"Tres faible"
"2013-09-01",2013,9,NA,69.6455636072673,-63.940497276953,"Extreme sec",NA,17.4564751437879,0.989104815942756,"Normal",12.5834925810496,4.41584641946849,"Modere"
"2013-10-01",2013,10,NA,114.269479732188,58.7610317512877,"Extreme humide",NA,19.4510053177914,-0.428315787672751,"Normal",1.47806548994906,5.66590789705915,"Tres faible"
"2013-11-01",2013,11,NA,174.71923423342,45.6035568381323,"Humide",NA,20.9418165645581,0.983500807351668,"Normal",2.29930059487621,4.60084611981692,"Tres faible"
"2013-12-01",2013,12,NA,302.66197918051,-9.63151939399271,"Normal",NA,21.8830586987533,-0.331131659500624,"Normal",0.860344395642319,2.59067624595511,"Tres faible"
"2014-01-01",2014,1,NA,459.528984453325,21.0801034766229,"Normal",NA,22.0233192453027,0.432514303025727,"Normal",0.429354130528862,1.136337321265,"Tres faible"
"2014-02-01",2014,2,NA,388.481766569924,-16.2662962912398,"Normal",NA,21.8472806209508,-0.153128797093704,"Normal",0.367206034450127,0.634147965943502,"Tres faible"
"2014-03-01",2014,3,NA,322.893713838512,-36.1392592323887,"Sec",NA,21.3834071511572,0.0752046761785827,"Normal",0.628305907901977,0.636588145535211,"Tres faible"
"2014-04-01",2014,4,NA,164.343176644136,-51.4134187337642,"Extreme sec",NA,20.1494774844684,-0.164250703744642,"Normal",2.66238690526225,0.94014131627308,"Tres faible"
"2014-05-01",2014,5,NA,123.790438700058,-45.2269511469481,"Sec",NA,18.3588848769305,-0.23932371422195,"Normal",3.43601356410692,1.0731514475664,"Tres faible"
"2014-06-01",2014,6,NA,84.4866967139282,-59.0529064019127,"Extreme sec",NA,16.3500585975048,0.281142181145757,"Normal",4.12057800342639,1.58493931374644,"Tres faible"
"2014-07-01",2014,7,NA,93.7512350078493,23.2794759334697,"Normal",NA,15.3712454704889,0.194914629669453,"Normal",0.842514715661603,1.46275574030621,"Tres faible"
"2014-08-01",2014,8,NA,70.9859100871133,-6.55821357969835,"Normal",NA,16.0247721927367,0.403459458164207,"Normal",2.36240932555689,2.62011459838087,"Tres faible"
"2014-09-01",2014,9,NA,69.6455636072673,-1.42267301505372,"Normal",NA,17.4564751437879,0.0650592999783086,"Normal",5.83403986444076,4.41584641946849,"Faible"
"2014-10-01",2014,10,NA,114.269479732188,44.3774959635231,"Humide",NA,19.4510053177914,1.03891363123958,"Chaud",4.08327457585162,5.66590789705915,"Tres faible"
"2014-11-01",2014,11,NA,174.71923423342,39.0240332493927,"Humide",NA,20.9418165645581,0.253297195814476,"Normal",1.21177324596792,4.60084611981692,"Tres faible"
"2014-12-01",2014,12,NA,302.66197918051,38.8614850381365,"Humide",NA,21.8830586987533,0.37293179280006,"Normal",0.642890011790329,2.59067624595511,"Tres faible"
"2015-01-01",2015,1,NA,459.528984453325,55.2030996995217,"Extreme humide",NA,22.0233192453027,-0.283614274176347,"Normal",0.313219800381459,1.136337321265,"Tres faible"
"2015-02-01",2015,2,NA,388.481766569924,25.8690758184848,"Humide",NA,21.8472806209508,-0.512125094250223,"Normal",0.0796979086644657,0.634147965943502,"Tres faible"
"2015-03-01",2015,3,NA,322.893713838512,13.972654489751,"Normal",NA,21.3834071511572,-0.278007683411982,"Normal",1.52702724662205,0.636588145535211,"Tres faible"
"2015-04-01",2015,4,NA,164.343176644136,-28.1064190975124,"Sec",NA,20.1494774844684,0.766205478379181,"Normal",1.33863313080122,0.94014131627308,"Tres faible"
"2015-05-01",2015,5,NA,123.790438700058,-29.7442206259406,"Sec",NA,18.3588848769305,0.550413658121897,"Normal",0.794509466136656,1.0731514475664,"Tres faible"
"2015-06-01",2015,6,NA,84.4866967139282,-1.8169715654023,"Normal",NA,16.3500585975048,0.486768809679717,"Normal",1.24003433050433,1.58493931374644,"Tres faible"
"2015-07-01",2015,7,NA,93.7512350078493,-53.8230699166901,"Extreme sec",NA,15.3712454704889,0.646669461686248,"Normal",2.02623511838817,1.46275574030621,"Tres faible"
"2015-08-01",2015,8,NA,70.9859100871133,-35.0941871696165,"Sec",NA,16.0247721927367,0.501601168267804,"Normal",4.89613528886149,2.62011459838087,"Tres faible"
"2015-09-01",2015,9,NA,69.6455636072673,17.5365399277411,"Normal",NA,17.4564751437879,-0.309864111108926,"Normal",3.01196917966008,4.41584641946849,"Tres faible"
"2015-10-01",2015,10,NA,114.269479732188,3.63237133122146,"Normal",NA,19.4510053177914,0.610944810006,"Normal",8.6177353882381,5.66590789705915,"Faible"
"2015-11-01",2015,11,NA,174.71923423342,14.6135019777251,"Normal",NA,20.9418165645581,0.0833818104896551,"Normal",6.32270645002524,4.60084611981692,"Faible"
"2015-12-01",2015,12,NA,302.66197918051,15.0937162920862,"Normal",NA,21.8830586987533,0.516218570640103,"Normal",1.00400949771997,2.59067624595511,"Tres faible"
"2016-01-01",2016,1,NA,459.528984453325,-31.708839948137,"Sec",NA,22.0233192453027,-0.261596168387445,"Normal",1.12226565074055,1.136337321265,"Tres faible"
"2016-02-01",2016,2,NA,388.481766569924,43.8428134206951,"Humide",NA,21.8472806209508,0.478535008679057,"Normal",0.610841673257929,0.634147965943502,"Tres faible"
"2016-03-01",2016,3,NA,322.893713838512,9.32177846075726,"Normal",NA,21.3834071511572,0.585995430111279,"Normal",0.262636372184892,0.636588145535211,"Tres faible"
"2016-04-01",2016,4,NA,164.343176644136,-25.6622979814469,"Sec",NA,20.1494774844684,0.305387182930254,"Normal",0.769289155056079,0.94014131627308,"Tres faible"
"2016-05-01",2016,5,NA,123.790438700058,85.2844775651476,"Extreme humide",NA,18.3588848769305,-1.45304322494889,"Froid",0.819976688312383,1.0731514475664,"Tres faible"
"2016-06-01",2016,6,NA,84.4866967139282,98.6521931599923,"Extreme humide",NA,16.3500585975048,-0.534012962395611,"Normal",0.471427661086394,1.58493931374644,"Tres faible"
"2016-07-01",2016,7,NA,93.7512350078493,-24.7468741459205,"Normal",NA,15.3712454704889,-0.0666662902171602,"Normal",0.691661235711147,1.46275574030621,"Tres faible"
"2016-08-01",2016,8,NA,70.9859100871133,-9.47222887885348,"Normal",NA,16.0247721927367,0.566039424579422,"Normal",2.70836860013585,2.62011459838087,"Tres faible"
"2016-09-01",2016,9,NA,69.6455636072673,-45.1656921352963,"Sec",NA,17.4564751437879,-0.0874049847274279,"Normal",NA,NA,NA
"2016-10-01",2016,10,NA,114.269479732188,-67.7047106263098,"Extreme sec",NA,19.4510053177914,1.66361230373257,"Chaud",16.5669257102474,5.66590789705915,"Modere"
"2016-11-01",2016,11,NA,174.71923423342,-3.62214843045184,"Normal",NA,20.9418165645581,0.714526124662743,"Normal",6.08649418205023,4.60084611981692,"Faible"
"2016-12-01",2016,12,NA,302.66197918051,-58.3048816366603,"Extreme sec",NA,21.8830586987533,0.862938833931508,"Normal",7.0077168826134,2.59067624595511,"Faible"
"2017-01-01",2017,1,NA,459.528984453325,-81.7722450139119,"Extreme sec",NA,22.0233192453027,1.23496921302584,"Chaud",9.20947948194319,1.136337321265,"Faible"
"2017-02-01",2017,2,NA,388.481766569924,-16.6399348537794,"Normal",NA,21.8472806209508,0.953684762099456,"Normal",1.67315204066524,0.634147965943502,"Tres faible"
"2017-03-01",2017,3,NA,322.893713838512,50.229975738144,"Extreme humide",NA,21.3834071511572,0.371727740868415,"Normal",0.500271483310151,0.636588145535211,"Tres faible"
"2017-04-01",2017,4,NA,164.343176644136,40.864046356898,"Humide",NA,20.1494774844684,0.0961270327236186,"Normal",0.259564732667059,0.94014131627308,"Tres faible"
"2017-05-01",2017,5,NA,123.790438700058,-49.7809487961251,"Sec",NA,18.3588848769305,0.486479926968766,"Normal",1.18182715920792,1.0731514475664,"Tres faible"
"2017-06-01",2017,6,NA,84.4866967139282,65.4418224683516,"Extreme humide",NA,16.3500585975048,0.839480568985064,"Normal",0.779493830046954,1.58493931374644,"Tres faible"
"2017-07-01",2017,7,NA,93.7512350078493,-18.4852793685306,"Normal",NA,15.3712454704889,0.728552265505659,"Normal",1.95345170198966,1.46275574030621,"Tres faible"
"2017-08-01",2017,8,NA,70.9859100871133,22.3884470219358,"Normal",NA,16.0247721927367,0.459493379089821,"Normal",0.997981275369849,2.62011459838087,"Tres faible"
"2017-09-01",2017,9,NA,69.6455636072673,22.4685419900631,"Normal",NA,17.4564751437879,0.523324345865582,"Normal",3.14292491214971,4.41584641946849,"Tres faible"
"2017-10-01",2017,10,NA,114.269479732188,23.7298002850885,"Normal",NA,19.4510053177914,0.456260308707368,"Normal",2.57596581633533,5.66590789705915,"Tres faible"
"2017-11-01",2017,11,NA,174.71923423342,58.4246071940739,"Extreme humide",NA,20.9418165645581,-0.655261136198799,"Normal",NA,NA,NA
"2017-12-01",2017,12,NA,302.66197918051,14.3055207017395,"Normal",NA,21.8830586987533,0.130493686115727,"Normal",0.789663622381105,2.59067624595511,"Tres faible"
"2018-01-01",2018,1,NA,459.528984453325,48.1236230468081,"Humide",NA,22.0233192453027,-0.392890201721851,"Normal",0.981093261721652,1.136337321265,"Tres faible"
"2018-02-01",2018,2,NA,388.481766569924,-29.8731869572185,"Sec",NA,21.8472806209508,0.146481207743143,"Normal",0.339048072388063,0.634147965943502,"Tres faible"
"2018-03-01",2018,3,NA,322.893713838512,17.9216691924675,"Normal",NA,21.3834071511572,0.306474043394378,"Normal",0.808465400192143,0.636588145535211,"Tres faible"
"2018-04-01",2018,4,NA,164.343176644136,0.869706403773565,"Normal",NA,20.1494774844684,-0.420050879714172,"Normal",0.564485682333664,0.94014131627308,"Tres faible"
"2018-05-01",2018,5,NA,123.790438700058,-36.79935382288,"Sec",NA,18.3588848769305,0.504190605734706,"Normal",0.83939974610844,1.0731514475664,"Tres faible"
"2018-06-01",2018,6,NA,84.4866967139282,-40.9071286593198,"Sec",NA,16.3500585975048,0.53622368541782,"Normal",2.14419249817729,1.58493931374644,"Tres faible"
"2018-07-01",2018,7,NA,93.7512350078493,59.4746038671228,"Extreme humide",NA,15.3712454704889,-0.203971104852998,"Normal",0.435951079382756,1.46275574030621,"Tres faible"
"2018-08-01",2018,8,NA,70.9859100871133,-60.1693403349696,"Extreme sec",NA,16.0247721927367,1.16242672831858,"Chaud",5.82916493569651,2.62011459838087,"Faible"
"2018-09-01",2018,9,NA,69.6455636072673,-63.0063343604417,"Extreme sec",NA,17.4564751437879,0.767621934136745,"Normal",10.1452732066313,4.41584641946849,"Faible"
"2018-10-01",2018,10,NA,114.269479732188,38.2946613215946,"Humide",NA,19.4510053177914,-0.376066899953031,"Normal",3.27992544587581,5.66590789705915,"Tres faible"
"2018-11-01",2018,11,NA,174.71923423342,18.0270521702257,"Normal",NA,20.9418165645581,-0.218737632132704,"Normal",1.29724076715453,4.60084611981692,"Tres faible"
"2018-12-01",2018,12,NA,302.66197918051,-34.5368160519138,"Sec",NA,21.8830586987533,0.223489739079099,"Normal",1.57700192952348,2.59067624595511,"Tres faible"
"2019-01-01",2019,1,NA,459.528984453325,26.1283062054657,"Humide",NA,22.0233192453027,0.68351362147019,"Normal",0.380227821248193,1.136337321265,"Tres faible"
"2019-02-01",2019,2,NA,388.481766569924,-37.6277470887922,"Sec",NA,21.8472806209508,0.528504141565119,"Normal",1.20703059447364,0.634147965943502,"Tres faible"
"2019-03-01",2019,3,NA,322.893713838512,13.3898134069439,"Normal",NA,21.3834071511572,0.51428069899962,"Normal",0.492974381287182,0.636588145535211,"Tres faible"
"2019-04-01",2019,4,NA,164.343176644136,-15.1156626512043,"Normal",NA,20.1494774844684,1.38755684141936,"Chaud",0.716687832896908,0.94014131627308,"Tres faible"
"2019-05-01",2019,5,NA,123.790438700058,-5.99842231575461,"Normal",NA,18.3588848769305,0.214083554799839,"Normal",0.43458250540519,1.0731514475664,"Tres faible"
"2019-06-01",2019,6,NA,84.4866967139282,155.947047757395,"Extreme humide",NA,16.3500585975048,0.247948659542526,"Normal",0.187165947179194,1.58493931374644,"Tres faible"
"2019-07-01",2019,7,NA,93.7512350078493,-35.0651592861436,"Sec",NA,15.3712454704889,0.775113946020532,"Normal",1.5425740602997,1.46275574030621,"Tres faible"
"2019-08-01",2019,8,NA,70.9859100871133,-18.057763999736,"Normal",NA,16.0247721927367,0.724424132580243,"Normal",3.1480085771651,2.62011459838087,"Tres faible"
"2019-09-01",2019,9,NA,69.6455636072673,78.8047669035229,"Extreme humide",NA,17.4564751437879,0.409028934835188,"Normal",2.50163992904127,4.41584641946849,"Tres faible"
"2019-10-01",2019,10,NA,114.269479732188,3.38510702521785,"Normal",NA,19.4510053177914,1.42557053830239,"Chaud",3.72978508838963,5.66590789705915,"Tres faible"
"2019-11-01",2019,11,NA,174.71923423342,24.9558867940873,"Normal",NA,20.9418165645581,1.04640790471669,"Chaud",3.77175155775622,4.60084611981692,"Tres faible"
"2019-12-01",2019,12,NA,302.66197918051,-30.827962063908,"Sec",NA,21.8830586987533,0.718463568696059,"Normal",0.98987591615127,2.59067624595511,"Tres faible"
"2020-01-01",2020,1,NA,459.528984453325,-22.4399610650502,"Normal",NA,22.0233192453027,-0.0810080064528726,"Normal",0.754636046600588,1.136337321265,"Tres faible"
"2020-02-01",2020,2,NA,388.481766569924,2.86824551029591,"Normal",NA,21.8472806209508,-0.390171624429129,"Normal",0.987217424497863,0.634147965943502,"Tres faible"
"2020-03-01",2020,3,NA,322.893713838512,-1.02225465264025,"Normal",NA,21.3834071511572,-0.137121358133662,"Normal",0.242945045769785,0.636588145535211,"Tres faible"
"2020-04-01",2020,4,NA,164.343176644136,49.8838331292463,"Humide",NA,20.1494774844684,-0.47068958999018,"Normal",0.270650395975099,0.94014131627308,"Tres faible"
"2020-05-01",2020,5,NA,123.790438700058,-19.2060857202652,"Normal",NA,18.3588848769305,0.101013221557061,"Normal",0.750050490481719,1.0731514475664,"Tres faible"
"2020-06-01",2020,6,NA,84.4866967139282,87.7697058397207,"Extreme humide",NA,16.3500585975048,-0.176614419880249,"Normal",0.256159375045293,1.58493931374644,"Tres faible"
"2020-07-01",2020,7,NA,93.7512350078493,6.49798013625325,"Normal",NA,15.3712454704889,-0.338408452790928,"Normal",0.777396532853374,1.46275574030621,"Tres faible"
"2020-08-01",2020,8,NA,70.9859100871133,-66.3618365904984,"Extreme sec",NA,16.0247721927367,0.203477668546743,"Normal",5.23390459918207,2.62011459838087,"Faible"
"2020-09-01",2020,9,NA,69.6455636072673,-31.5370263575298,"Sec",NA,17.4564751437879,-0.058185439042763,"Normal",4.96775271371007,4.41584641946849,"Tres faible"
"2020-10-01",2020,10,NA,114.269479732188,60.1796771580513,"Extreme humide",NA,19.4510053177914,0.055386640156641,"Normal",1.87935353953499,5.66590789705915,"Tres faible"
"2020-11-01",2020,11,NA,174.71923423342,-67.0271938737745,"Extreme sec",NA,20.9418165645581,0.21474713727094,"Normal",5.92476983815432,4.60084611981692,"Faible"
"2020-12-01",2020,12,NA,302.66197918051,0.154905377673842,"Normal",NA,21.8830586987533,-0.464864472537183,"Normal",1.67961780121081,2.59067624595511,"Tres faible"
"2021-01-01",2021,1,NA,459.528984453325,-69.8883367343714,"Extreme sec",NA,22.0233192453027,1.15032065375793,"Chaud",2.03827043839039,1.136337321265,"Tres faible"
"2021-02-01",2021,2,NA,388.481766569924,-33.7791310306089,"Sec",NA,21.8472806209508,0.609193288725802,"Normal",0.441869340818292,0.634147965943502,"Tres faible"
"2021-03-01",2021,3,NA,322.893713838512,-0.587705457693638,"Normal",NA,21.3834071511572,0.102717813647949,"Normal",0.252766270738756,0.636588145535211,"Tres faible"
"2021-04-01",2021,4,NA,164.343176644136,-23.4019446414092,"Normal",NA,20.1494774844684,-0.280978962228186,"Normal",0.433159742985542,0.94014131627308,"Tres faible"
"2021-05-01",2021,5,NA,123.790438700058,-30.3234021457061,"Sec",NA,18.3588848769305,-0.0808068564313373,"Normal",1.12945109876173,1.0731514475664,"Tres faible"
"2021-06-01",2021,6,NA,84.4866967139282,40.3112104330416,"Humide",NA,16.3500585975048,-0.340050119254045,"Normal",0.958263824590904,1.58493931374644,"Tres faible"
"2021-07-01",2021,7,NA,93.7512350078493,-19.025320650495,"Normal",NA,15.3712454704889,0.136219145806287,"Normal",1.60892304790116,1.46275574030621,"Tres faible"
"2021-08-01",2021,8,NA,70.9859100871133,-10.9832109819901,"Normal",NA,16.0247721927367,0.392573170371932,"Normal",2.18970006055409,2.62011459838087,"Tres faible"
"2021-09-01",2021,9,NA,69.6455636072673,1.82954405182619,"Normal",NA,17.4564751437879,-0.0285750835268921,"Normal",2.86901620402932,4.41584641946849,"Tres faible"
"2021-10-01",2021,10,NA,114.269479732188,-41.6508846458924,"Sec",NA,19.4510053177914,-0.149040631834318,"Normal",5.20692536595368,5.66590789705915,"Faible"
"2021-11-01",2021,11,NA,174.71923423342,-50.1362660788724,"Extreme sec",NA,20.9418165645581,1.14742042801634,"Chaud",7.39568702528874,4.60084611981692,"Faible"
"2021-12-01",2021,12,NA,302.66197918051,-45.2394628779582,"Sec",NA,21.8830586987533,0.5704767905249,"Normal",4.98274943190477,2.59067624595511,"Tres faible"
"2022-01-01",2022,1,NA,459.528984453325,11.5234018705919,"Normal",NA,22.0233192453027,-0.542801785240222,"Normal",0.531062528085444,1.136337321265,"Tres faible"
"2022-02-01",2022,2,NA,388.481766569924,74.0304837079675,"Extreme humide",NA,21.8472806209508,0.0360807845995481,"Normal",0.465412034318433,0.634147965943502,"Tres faible"
"2022-03-01",2022,3,NA,322.893713838512,-12.5941204601598,"Normal",NA,21.3834071511572,-0.0292235569815738,"Normal",0.177320303906116,0.636588145535211,"Tres faible"
"2022-04-01",2022,4,NA,164.343176644136,-25.6193940218802,"Sec",NA,20.1494774844684,-0.0290926609691766,"Normal",0.594588720577788,0.94014131627308,"Tres faible"
"2022-05-01",2022,5,NA,123.790438700058,-34.1268592768928,"Sec",NA,18.3588848769305,-0.275042855684926,"Normal",1.18437800748694,1.0731514475664,"Tres faible"
"2022-06-01",2022,6,NA,84.4866967139282,50.4316258322129,"Extreme humide",NA,16.3500585975048,-0.855753240476476,"Normal",0.434260172971214,1.58493931374644,"Tres faible"
"2022-07-01",2022,7,NA,93.7512350078493,-0.476210912718634,"Normal",NA,15.3712454704889,-0.14494757225391,"Normal",0.607254064131168,1.46275574030621,"Tres faible"
"2022-08-01",2022,8,NA,70.9859100871133,-26.3265185418386,"Sec",NA,16.0247721927367,0.202846530473003,"Normal",2.55935761428648,2.62011459838087,"Tres faible"
"2022-09-01",2022,9,NA,69.6455636072673,-57.8833957863691,"Extreme sec",NA,17.4564751437879,-0.683061517706342,"Normal",6.20890911817551,4.41584641946849,"Faible"
"2022-10-01",2022,10,NA,114.269479732188,-43.2734862704363,"Sec",NA,19.4510053177914,0.201108304752484,"Normal",16.4277440232615,5.66590789705915,"Modere"
"2022-11-01",2022,11,NA,174.71923423342,-26.9398454833683,"Sec",NA,20.9418165645581,0.230130208849367,"Normal",6.14372135822972,4.60084611981692,"Faible"
"2022-12-01",2022,12,NA,302.66197918051,-22.7981847272638,"Normal",NA,21.8830586987533,-0.332668306422271,"Normal",0.895015436705322,2.59067624595511,"Tres faible"
"2023-01-01",2023,1,NA,459.528984453325,29.5384080612245,"Humide",NA,22.0233192453027,-0.269836319198998,"Normal",1.05941552262266,1.136337321265,"Tres faible"
"2023-02-01",2023,2,NA,388.481766569924,-3.79197796213125,"Normal",NA,21.8472806209508,-0.410046687834029,"Normal",0.795886137704254,0.634147965943502,"Tres faible"
"2023-03-01",2023,3,NA,322.893713838512,40.0757964273702,"Humide",NA,21.3834071511572,-0.197414242006946,"Normal",0.1443989042403,0.636588145535211,"Tres faible"
"2023-04-01",2023,4,NA,164.343176644136,-11.4177976355387,"Normal",NA,20.1494774844684,0.480399742556934,"Normal",0.458519069105387,0.94014131627308,"Tres faible"
"2023-05-01",2023,5,NA,123.790438700058,-23.9498048344812,"Normal",NA,18.3588848769305,0.536473224089743,"Normal",1.52083299318028,1.0731514475664,"Tres faible"
"2023-06-01",2023,6,NA,84.4866967139282,-78.9650316025834,"Extreme sec",NA,16.3500585975048,0.537582664895684,"Normal",5.01355852683385,1.58493931374644,"Tres faible"
"2023-07-01",2023,7,NA,93.7512350078493,-36.774588728404,"Sec",NA,15.3712454704889,0.720305406079273,"Normal",2.48339150978192,1.46275574030621,"Tres faible"
"2023-08-01",2023,8,NA,70.9859100871133,107.440093219223,"Extreme humide",NA,16.0247721927367,0.925094168763227,"Normal",0.58101080533778,2.62011459838087,"Tres faible"
"2023-09-01",2023,9,NA,69.6455636072673,-81.6837230970408,"Extreme sec",NA,17.4564751437879,1.09306525964925,"Chaud",9.76318323016167,4.41584641946849,"Faible"
"2023-10-01",2023,10,NA,114.269479732188,23.9148887023049,"Normal",NA,19.4510053177914,1.99728336790287,"Chaud",8.0974790699059,5.66590789705915,"Faible"
"2023-11-01",2023,11,NA,174.71923423342,-13.6296721676784,"Normal",NA,20.9418165645581,0.0132474087670431,"Normal",2.43115109469121,4.60084611981692,"Tres faible"
"2023-12-01",2023,12,NA,302.66197918051,-6.41342337238535,"Normal",NA,21.8830586987533,0.58960499024608,"Normal",2.13355002316811,2.59067624595511,"Tres faible"
"2024-01-01",2024,1,NA,459.528984453325,-36.5600696569601,"Sec",NA,22.0233192453027,0.268989776803423,"Normal",0.909735913463538,1.136337321265,"Tres faible"
"2024-02-01",2024,2,NA,388.481766569924,81.954530416622,"Extreme humide",NA,21.8472806209508,-0.481497846699437,"Normal",0.100268052191074,0.634147965943502,"Tres faible"
"2024-03-01",2024,3,NA,322.893713838512,-9.6967717397082,"Normal",NA,21.3834071511572,0.244266549236762,"Normal",0.501753711825117,0.636588145535211,"Tres faible"
"2024-04-01",2024,4,NA,164.343176644136,62.1811629225555,"Extreme humide",NA,20.1494774844684,0.465927216457136,"Normal",0.590536065519639,0.94014131627308,"Tres faible"
"2024-05-01",2024,5,NA,123.790438700058,1.86117477334988,"Normal",NA,18.3588848769305,-0.425267501907459,"Normal",0.351413163686952,1.0731514475664,"Tres faible"
"2024-06-01",2024,6,NA,84.4866967139282,9.61899027522598,"Normal",NA,16.3500585975048,0.200634565780259,"Normal",1.012040073021,1.58493931374644,"Tres faible"
"2024-07-01",2024,7,NA,93.7512350078493,-91.878283500363,"Extreme sec",NA,15.3712454704889,0.905840631316455,"Normal",6.24587399728837,1.46275574030621,"Faible"
"2024-08-01",2024,8,NA,70.9859100871133,-13.1871730794534,"Normal",NA,16.0247721927367,0.608078895864487,"Normal",7.19100639416326,2.62011459838087,"Faible"
"2024-09-01",2024,9,NA,69.6455636072673,19.3890429982567,"Normal",NA,17.4564751437879,1.19836209703058,"Chaud",4.91819923643876,4.41584641946849,"Tres faible"
"2024-10-01",2024,10,NA,114.269479732188,-15.2398798105335,"Normal",NA,19.4510053177914,-0.065202791385591,"Normal",3.71140864203053,5.66590789705915,"Tres faible"
"2024-11-01",2024,11,NA,174.71923423342,-54.8477899826523,"Extreme sec",NA,20.9418165645581,1.83250092960519,"Chaud",10.4978076369036,4.60084611981692,"Faible"
"2024-12-01",2024,12,NA,302.66197918051,-86.3127398719264,"Extreme sec",NA,21.8830586987533,1.55334373392223,"Chaud",14.2696858695558,2.59067624595511,"Modere"
"2025-01-01",2025,1,NA,459.528984453325,-49.461022991331,"Sec",NA,22.0233192453027,2.04922454406476,"Extreme chaud",8.5244678223361,1.136337321265,"Faible"
"2025-02-01",2025,2,NA,388.481766569924,44.2693826636702,"Humide",NA,21.8472806209508,0.768828706255292,"Normal",0.234740908167262,0.634147965943502,"Tres faible"
"2025-03-01",2025,3,NA,322.893713838512,-30.3612951570528,"Sec",NA,21.3834071511572,0.804161820222866,"Normal",1.64521002245202,0.636588145535211,"Tres faible"
"2025-04-01",2025,4,NA,164.343176644136,-8.64310220875181,"Normal",NA,20.1494774844684,1.70667863988173,"Chaud",1.19741986274409,0.94014131627308,"Tres faible"
"2025-05-01",2025,5,NA,123.790438700058,-17.4621691616297,"Normal",NA,18.3588848769305,0.350010988328261,"Normal",0.329885277153564,1.0731514475664,"Tres faible"
"2025-06-01",2025,6,NA,84.4866967139282,-51.2992948174514,"Extreme sec",NA,16.3500585975048,0.370554379063901,"Normal",2.19290194797019,1.58493931374644,"Tres faible"
"2025-07-01",2025,7,NA,93.7512350078493,29.4691518580251,"Humide",NA,15.3712454704889,-0.13340719571314,"Normal",0.867579117642655,1.46275574030621,"Tres faible"
"2025-08-01",2025,8,NA,70.9859100871133,29.411378490259,"Humide",NA,16.0247721927367,-0.170043143225877,"Normal",2.18875468178322,2.62011459838087,"Tres faible"
"2025-09-01",2025,9,NA,69.6455636072673,-0.279664319855542,"Normal",NA,17.4564751437879,0.884727321660616,"Normal",7.11359671776493,4.41584641946849,"Faible"
"2025-10-01",2025,10,NA,114.269479732188,6.16217253452405,"Normal",NA,19.4510053177914,0.0403986939053702,"Normal",4.15135205933644,5.66590789705915,"Tres faible"
"2025-11-01",2025,11,NA,174.71923423342,32.7285036023542,"Humide",NA,20.9418165645581,0.475623971823836,"Normal",2.36536692380905,4.60084611981692,"Tres faible"
"2025-12-01",2025,12,NA,302.66197918051,65.6703500371528,"Extreme humide",NA,21.8830586987533,-0.622294930934515,"Normal",0.191103114212315,2.59067624595511,"Tres faible"
"2026-01-01",2026,1,NA,459.528984453325,21.0149655862987,"Normal",NA,22.0233192453027,0.176545331308514,"Normal",0.297417856191215,1.136337321265,"Tres faible"
"2026-02-01",2026,2,NA,388.481766569924,-39.6644871617847,"Sec",NA,21.8472806209508,0.495036459002428,"Normal",1.66592261354942,0.634147965943502,"Tres faible"
"2026-03-01",2026,3,NA,322.893713838512,-75.3200060685323,"Extreme sec",NA,21.3834071511572,0.67870980008319,"Normal",1.46479627682317,0.636588145535211,"Tres faible"
"2026-04-01",2026,4,NA,164.343176644136,-53.9375003725773,"Extreme sec",NA,20.1494774844684,0.981668065531633,"Normal",2.90758808205525,0.94014131627308,"Tres faible"
"2026-05-01",2026,5,NA,123.790438700058,-86.0384610871273,"Extreme sec",NA,18.3588848769305,1.8042700738302,"Chaud",4.82354971798866,1.0731514475664,"Tres faible"
